URL, Imgname, Npixl, Npixltot, Perccov
https://oceandata.sci.gsfc.nasa.gov/cmr/getfile/A2020001170500.L2_LAC_OC.nc
, A2020001170500, 4720, 115715, 4.07898716674588
https://oceandata.sci.gsfc.nasa.gov/cmr/getfile/A2020002161000.L2_LAC_OC.nc
, A2020002161000, 0, 983, 0
https://oceandata.sci.gsfc.nasa.gov/cmr/getfile/A2020002174500.L2_LAC_OC.nc
, A2020002174500, 389, 6151, 6.32417493090554
https://oceandata.sci.gsfc.nasa.gov/cmr/getfile/A2020002175000.L2_LAC_OC.nc
, A2020002175000, 2918, 96560, 3.02195526097763
https://oceandata.sci.gsfc.nasa.gov/cmr/getfile/A2020003165000.L2_LAC_OC.nc
, A2020003165000, 0, 10578, 0
https://oceandata.sci.gsfc.nasa.gov/cmr/getfile/A2020003165500.L2_LAC_OC.nc
, A2020003165500, 149, 72425, 0.205730065585088
https://oceandata.sci.gsfc.nasa.gov/cmr/getfile/A2020003183000.L2_LAC_OC.nc
, A2020003183000, 0, 6387, 0
https://oceandata.sci.gsfc.nasa.gov/cmr/getfile/A2020004173500.L2_LAC_OC.nc
, A2020004173500, 273, 135080, 0.202102457802784
https://oceandata.sci.gsfc.nasa.gov/cmr/getfile/A2020005164000.L2_LAC_OC.nc
, A2020005164000, 0, 57134, 0
https://oceandata.sci.gsfc.nasa.gov/cmr/getfile/A2020005182000.L2_LAC_OC.nc
, A2020005182000, 0, 31048, 0
https://oceandata.sci.gsfc.nasa.gov/cmr/getfile/A2020006172500.L2_LAC_OC.nc
, A2020006172500, 5, 148209, 0.00337361428793123
https://oceandata.sci.gsfc.nasa.gov/cmr/getfile/A2020007162500.L2_LAC_OC.nc
, A2020007162500, 0, 0, NA
https://oceandata.sci.gsfc.nasa.gov/cmr/getfile/A2020007163000.L2_LAC_OC.nc
, A2020007163000, 168, 32812, 0.51200780202365
https://oceandata.sci.gsfc.nasa.gov/cmr/getfile/A2020007180500.L2_LAC_OC.nc
, A2020007180500, 7701, 58236, 13.2237791057078
https://oceandata.sci.gsfc.nasa.gov/cmr/getfile/A2020008171000.L2_LAC_OC.nc
, A2020008171000, 0, 131340, 0
https://oceandata.sci.gsfc.nasa.gov/cmr/getfile/A2020009161500.L2_LAC_OC.nc
, A2020009161500, 0, 8215, 0
https://oceandata.sci.gsfc.nasa.gov/cmr/getfile/A2020009175500.L2_LAC_OC.nc
, A2020009175500, 15346, 85972, 17.8499976736612
https://oceandata.sci.gsfc.nasa.gov/cmr/getfile/A2020010170000.L2_LAC_OC.nc
, A2020010170000, 0, 98893, 0
https://oceandata.sci.gsfc.nasa.gov/cmr/getfile/A2020010183500.L2_LAC_OC.nc
, A2020010183500, 0, 0, NA
https://oceandata.sci.gsfc.nasa.gov/cmr/getfile/A2020011160500.L2_LAC_OC.nc
, A2020011160500, 0, 0, NA
https://oceandata.sci.gsfc.nasa.gov/cmr/getfile/A2020011174000.L2_LAC_OC.nc
, A2020011174000, 1900, 119924, 1.58433674660618
https://oceandata.sci.gsfc.nasa.gov/cmr/getfile/A2020012164500.L2_LAC_OC.nc
, A2020012164500, 0, 68982, 0
https://oceandata.sci.gsfc.nasa.gov/cmr/getfile/A2020012182500.L2_LAC_OC.nc
, A2020012182500, 0, 17407, 0
https://oceandata.sci.gsfc.nasa.gov/cmr/getfile/A2020013173000.L2_LAC_OC.nc
, A2020013173000, 0, 145391, 0
https://oceandata.sci.gsfc.nasa.gov/cmr/getfile/A2020014163500.L2_LAC_OC.nc
, A2020014163500, 732, 46638, 1.56953557185128
https://oceandata.sci.gsfc.nasa.gov/cmr/getfile/A2020014181000.L2_LAC_OC.nc
, A2020014181000, 369, 22950, 1.6078431372549
https://oceandata.sci.gsfc.nasa.gov/cmr/getfile/A2020014181500.L2_LAC_OC.nc
, A2020014181500, 90, 24405, 0.368776889981561
https://oceandata.sci.gsfc.nasa.gov/cmr/getfile/A2020015154000.L2_LAC_OC.nc
, A2020015154000, 0, 0, NA
https://oceandata.sci.gsfc.nasa.gov/cmr/getfile/A2020015171500.L2_LAC_OC.nc
, A2020015171500, 29625, 113500, 26.1013215859031
https://oceandata.sci.gsfc.nasa.gov/cmr/getfile/A2020015172000.L2_LAC_OC.nc
, A2020015172000, 0, 29709, 0
https://oceandata.sci.gsfc.nasa.gov/cmr/getfile/A2020016162000.L2_LAC_OC.nc
, A2020016162000, 0, 11201, 0
https://oceandata.sci.gsfc.nasa.gov/cmr/getfile/A2020016180000.L2_LAC_OC.nc
, A2020016180000, 0, 70892, 0
https://oceandata.sci.gsfc.nasa.gov/cmr/getfile/A2020017170500.L2_LAC_OC.nc
, A2020017170500, 3594, 115782, 3.10410944706431
https://oceandata.sci.gsfc.nasa.gov/cmr/getfile/A2020018161000.L2_LAC_OC.nc
, A2020018161000, 0, 938, 0
https://oceandata.sci.gsfc.nasa.gov/cmr/getfile/A2020018174500.L2_LAC_OC.nc
, A2020018174500, 136, 1666, 8.16326530612245
https://oceandata.sci.gsfc.nasa.gov/cmr/getfile/A2020018175000.L2_LAC_OC.nc
, A2020018175000, 6487, 101060, 6.41895903423709
https://oceandata.sci.gsfc.nasa.gov/cmr/getfile/A2020019165000.L2_LAC_OC.nc
, A2020019165000, 0, 6034, 0
https://oceandata.sci.gsfc.nasa.gov/cmr/getfile/A2020019165500.L2_LAC_OC.nc
, A2020019165500, 510, 76998, 0.662354866360165
https://oceandata.sci.gsfc.nasa.gov/cmr/getfile/A2020019183000.L2_LAC_OC.nc
, A2020019183000, 849, 6227, 13.6341737594347
https://oceandata.sci.gsfc.nasa.gov/cmr/getfile/A2020020160000.L2_LAC_OC.nc
, A2020020160000, 0, 0, NA
https://oceandata.sci.gsfc.nasa.gov/cmr/getfile/A2020020173500.L2_LAC_OC.nc
, A2020020173500, 16165, 135116, 11.9637940732408
https://oceandata.sci.gsfc.nasa.gov/cmr/getfile/A2020021164000.L2_LAC_OC.nc
, A2020021164000, 3693, 57169, 6.45979464395039
https://oceandata.sci.gsfc.nasa.gov/cmr/getfile/A2020021182000.L2_LAC_OC.nc
, A2020021182000, 1985, 30810, 6.44271340473872
https://oceandata.sci.gsfc.nasa.gov/cmr/getfile/A2020022172500.L2_LAC_OC.nc
, A2020022172500, 34113, 148344, 22.9958744539718
https://oceandata.sci.gsfc.nasa.gov/cmr/getfile/A2020023162500.L2_LAC_OC.nc
, A2020023162500, 0, 0, NA
https://oceandata.sci.gsfc.nasa.gov/cmr/getfile/A2020023163000.L2_LAC_OC.nc
, A2020023163000, 2916, 32757, 8.90191409469732
https://oceandata.sci.gsfc.nasa.gov/cmr/getfile/A2020023180500.L2_LAC_OC.nc
, A2020023180500, 18218, 58124, 31.3433349390957
https://oceandata.sci.gsfc.nasa.gov/cmr/getfile/A2020023181000.L2_LAC_OC.nc
, A2020023181000, 0, 0, NA
https://oceandata.sci.gsfc.nasa.gov/cmr/getfile/A2020024153500.L2_LAC_OC.nc
, A2020024153500, 0, 0, NA
https://oceandata.sci.gsfc.nasa.gov/cmr/getfile/A2020024171000.L2_LAC_OC.nc
, A2020024171000, 7289, 131568, 5.54010093639791
https://oceandata.sci.gsfc.nasa.gov/cmr/getfile/A2020025161500.L2_LAC_OC.nc
, A2020025161500, 0, 8148, 0
https://oceandata.sci.gsfc.nasa.gov/cmr/getfile/A2020025175500.L2_LAC_OC.nc
, A2020025175500, 897, 85841, 1.04495520788434
https://oceandata.sci.gsfc.nasa.gov/cmr/getfile/A2020026170000.L2_LAC_OC.nc
, A2020026170000, 0, 99018, 0
https://oceandata.sci.gsfc.nasa.gov/cmr/getfile/A2020026183500.L2_LAC_OC.nc
, A2020026183500, 0, 0, NA
https://oceandata.sci.gsfc.nasa.gov/cmr/getfile/A2020027160500.L2_LAC_OC.nc
, A2020027160500, 0, 0, NA
https://oceandata.sci.gsfc.nasa.gov/cmr/getfile/A2020027174000.L2_LAC_OC.nc
, A2020027174000, 4378, 119906, 3.6511934348573
https://oceandata.sci.gsfc.nasa.gov/cmr/getfile/A2020027174500.L2_LAC_OC.nc
, A2020027174500, 0, 0, NA
https://oceandata.sci.gsfc.nasa.gov/cmr/getfile/A2020028164500.L2_LAC_OC.nc
, A2020028164500, 1678, 69033, 2.43072153897411
https://oceandata.sci.gsfc.nasa.gov/cmr/getfile/A2020028165000.L2_LAC_OC.nc
, A2020028165000, 0, 0, NA
https://oceandata.sci.gsfc.nasa.gov/cmr/getfile/A2020028182500.L2_LAC_OC.nc
, A2020028182500, 30, 17249, 0.173923125978318
https://oceandata.sci.gsfc.nasa.gov/cmr/getfile/A2020029173000.L2_LAC_OC.nc
, A2020029173000, 43483, 145461, 29.893235987653
https://oceandata.sci.gsfc.nasa.gov/cmr/getfile/A2020030163500.L2_LAC_OC.nc
, A2020030163500, 8662, 46591, 18.5915734798566
https://oceandata.sci.gsfc.nasa.gov/cmr/getfile/A2020030181000.L2_LAC_OC.nc
, A2020030181000, 10563, 18674, 56.5652779265289
https://oceandata.sci.gsfc.nasa.gov/cmr/getfile/A2020030181500.L2_LAC_OC.nc
, A2020030181500, 5006, 28545, 17.5372219302855
https://oceandata.sci.gsfc.nasa.gov/cmr/getfile/A2020031154000.L2_LAC_OC.nc
, A2020031154000, 0, 0, NA
https://oceandata.sci.gsfc.nasa.gov/cmr/getfile/A2020031171500.L2_LAC_OC.nc
, A2020031171500, 59598, 96729, 61.613373445399
https://oceandata.sci.gsfc.nasa.gov/cmr/getfile/A2020031172000.L2_LAC_OC.nc
, A2020031172000, 1743, 46586, 3.74146739363757
https://oceandata.sci.gsfc.nasa.gov/cmr/getfile/A2020032162000.L2_LAC_OC.nc
, A2020032162000, 0, 9461, 0
https://oceandata.sci.gsfc.nasa.gov/cmr/getfile/A2020032162500.L2_LAC_OC.nc
, A2020032162500, 0, 9823, 0
https://oceandata.sci.gsfc.nasa.gov/cmr/getfile/A2020032180000.L2_LAC_OC.nc
, A2020032180000, 0, 70866, 0
https://oceandata.sci.gsfc.nasa.gov/cmr/getfile/A2020033170500.L2_LAC_OC.nc
, A2020033170500, 7979, 115844, 6.88771105970098
https://oceandata.sci.gsfc.nasa.gov/cmr/getfile/A2020034161000.L2_LAC_OC.nc
, A2020034161000, 0, 904, 0
https://oceandata.sci.gsfc.nasa.gov/cmr/getfile/A2020034174500.L2_LAC_OC.nc
, A2020034174500, 0, 0, NA
https://oceandata.sci.gsfc.nasa.gov/cmr/getfile/A2020034175000.L2_LAC_OC.nc
, A2020034175000, 27668, 102713, 26.937193928714
https://oceandata.sci.gsfc.nasa.gov/cmr/getfile/A2020035165000.L2_LAC_OC.nc
, A2020035165000, 778, 2847, 27.3270108886547
https://oceandata.sci.gsfc.nasa.gov/cmr/getfile/A2020035165500.L2_LAC_OC.nc
, A2020035165500, 10636, 80158, 13.2687941315901
https://oceandata.sci.gsfc.nasa.gov/cmr/getfile/A2020035183000.L2_LAC_OC.nc
, A2020035183000, 0, 6174, 0
https://oceandata.sci.gsfc.nasa.gov/cmr/getfile/A2020035183500.L2_LAC_OC.nc
, A2020035183500, 0, 0, NA
https://oceandata.sci.gsfc.nasa.gov/cmr/getfile/A2020036160000.L2_LAC_OC.nc
, A2020036160000, 0, 0, NA
https://oceandata.sci.gsfc.nasa.gov/cmr/getfile/A2020036173500.L2_LAC_OC.nc
, A2020036173500, 23836, 135196, 17.6306991331104
https://oceandata.sci.gsfc.nasa.gov/cmr/getfile/A2020037150500.L2_LAC_OC.nc
, A2020037150500, 0, 0, NA
https://oceandata.sci.gsfc.nasa.gov/cmr/getfile/A2020037164000.L2_LAC_OC.nc
, A2020037164000, 0, 57187, 0
https://oceandata.sci.gsfc.nasa.gov/cmr/getfile/A2020037182000.L2_LAC_OC.nc
, A2020037182000, 0, 30796, 0
https://oceandata.sci.gsfc.nasa.gov/cmr/getfile/A2020038172500.L2_LAC_OC.nc
, A2020038172500, 0, 148397, 0
https://oceandata.sci.gsfc.nasa.gov/cmr/getfile/A2020039162500.L2_LAC_OC.nc
, A2020039162500, 0, 0, NA
https://oceandata.sci.gsfc.nasa.gov/cmr/getfile/A2020039163000.L2_LAC_OC.nc
, A2020039163000, 538, 32792, 1.64064405952671
https://oceandata.sci.gsfc.nasa.gov/cmr/getfile/A2020039180500.L2_LAC_OC.nc
, A2020039180500, 1472, 58102, 2.53347561185501
https://oceandata.sci.gsfc.nasa.gov/cmr/getfile/A2020039181000.L2_LAC_OC.nc
, A2020039181000, 0, 0, NA
https://oceandata.sci.gsfc.nasa.gov/cmr/getfile/A2020040153500.L2_LAC_OC.nc
, A2020040153500, 0, 0, NA
https://oceandata.sci.gsfc.nasa.gov/cmr/getfile/A2020040171000.L2_LAC_OC.nc
, A2020040171000, 50935, 131627, 38.6964680498682
https://oceandata.sci.gsfc.nasa.gov/cmr/getfile/A2020040171500.L2_LAC_OC.nc
, A2020040171500, 0, 0, NA
https://oceandata.sci.gsfc.nasa.gov/cmr/getfile/A2020041161500.L2_LAC_OC.nc
, A2020041161500, 0, 8210, 0
https://oceandata.sci.gsfc.nasa.gov/cmr/getfile/A2020041175500.L2_LAC_OC.nc
, A2020041175500, 0, 85784, 0
https://oceandata.sci.gsfc.nasa.gov/cmr/getfile/A2020042170000.L2_LAC_OC.nc
, A2020042170000, 0, 99127, 0
https://oceandata.sci.gsfc.nasa.gov/cmr/getfile/A2020042183500.L2_LAC_OC.nc
, A2020042183500, 0, 0, NA
https://oceandata.sci.gsfc.nasa.gov/cmr/getfile/A2020043160500.L2_LAC_OC.nc
, A2020043160500, 0, 0, NA
https://oceandata.sci.gsfc.nasa.gov/cmr/getfile/A2020043174000.L2_LAC_OC.nc
, A2020043174000, 35049, 119773, 29.2628555684503
https://oceandata.sci.gsfc.nasa.gov/cmr/getfile/A2020043174500.L2_LAC_OC.nc
, A2020043174500, 0, 0, NA
https://oceandata.sci.gsfc.nasa.gov/cmr/getfile/A2020044164500.L2_LAC_OC.nc
, A2020044164500, 0, 68966, 0
https://oceandata.sci.gsfc.nasa.gov/cmr/getfile/A2020044165000.L2_LAC_OC.nc
, A2020044165000, 0, 158, 0
https://oceandata.sci.gsfc.nasa.gov/cmr/getfile/A2020044182500.L2_LAC_OC.nc
, A2020044182500, 0, 17171, 0
https://oceandata.sci.gsfc.nasa.gov/cmr/getfile/A2020045173000.L2_LAC_OC.nc
, A2020045173000, 12923, 145360, 8.89034122179417
https://oceandata.sci.gsfc.nasa.gov/cmr/getfile/A2020046163500.L2_LAC_OC.nc
, A2020046163500, 4069, 46766, 8.70076551340718
https://oceandata.sci.gsfc.nasa.gov/cmr/getfile/A2020046181000.L2_LAC_OC.nc
, A2020046181000, 167, 10770, 1.55060352831941
https://oceandata.sci.gsfc.nasa.gov/cmr/getfile/A2020046181500.L2_LAC_OC.nc
, A2020046181500, 2768, 36337, 7.61757987726009
https://oceandata.sci.gsfc.nasa.gov/cmr/getfile/A2020047154000.L2_LAC_OC.nc
, A2020047154000, 0, 0, NA
https://oceandata.sci.gsfc.nasa.gov/cmr/getfile/A2020047171500.L2_LAC_OC.nc
, A2020047171500, 25, 71266, 0.0350798417197542
https://oceandata.sci.gsfc.nasa.gov/cmr/getfile/A2020047172000.L2_LAC_OC.nc
, A2020047172000, 0, 72104, 0
https://oceandata.sci.gsfc.nasa.gov/cmr/getfile/A2020048162000.L2_LAC_OC.nc
, A2020048162000, 3070, 6074, 50.5432993085282
https://oceandata.sci.gsfc.nasa.gov/cmr/getfile/A2020048162500.L2_LAC_OC.nc
, A2020048162500, 89, 13435, 0.662448827688872
https://oceandata.sci.gsfc.nasa.gov/cmr/getfile/A2020048180000.L2_LAC_OC.nc
, A2020048180000, 26000, 70692, 36.7792678096531
https://oceandata.sci.gsfc.nasa.gov/cmr/getfile/A2020049153000.L2_LAC_OC.nc
, A2020049153000, 0, 0, NA
https://oceandata.sci.gsfc.nasa.gov/cmr/getfile/A2020049170500.L2_LAC_OC.nc
, A2020049170500, 25, 116061, 0.0215403968602718
https://oceandata.sci.gsfc.nasa.gov/cmr/getfile/A2020050161000.L2_LAC_OC.nc
, A2020050161000, 0, 1008, 0
https://oceandata.sci.gsfc.nasa.gov/cmr/getfile/A2020050175000.L2_LAC_OC.nc
, A2020050175000, 27258, 102407, 26.6173210815667
https://oceandata.sci.gsfc.nasa.gov/cmr/getfile/A2020051165000.L2_LAC_OC.nc
, A2020051165000, 0, 0, NA
https://oceandata.sci.gsfc.nasa.gov/cmr/getfile/A2020051165500.L2_LAC_OC.nc
, A2020051165500, 8958, 83297, 10.7542888699473
https://oceandata.sci.gsfc.nasa.gov/cmr/getfile/A2020051183000.L2_LAC_OC.nc
, A2020051183000, 105, 6056, 1.7338177014531
https://oceandata.sci.gsfc.nasa.gov/cmr/getfile/A2020051183500.L2_LAC_OC.nc
, A2020051183500, 0, 0, NA
https://oceandata.sci.gsfc.nasa.gov/cmr/getfile/A2020052160000.L2_LAC_OC.nc
, A2020052160000, 0, 0, NA
https://oceandata.sci.gsfc.nasa.gov/cmr/getfile/A2020052173500.L2_LAC_OC.nc
, A2020052173500, 58359, 134890, 43.2641411520498
https://oceandata.sci.gsfc.nasa.gov/cmr/getfile/A2020053164000.L2_LAC_OC.nc
, A2020053164000, 6867, 57380, 11.9675845242245
https://oceandata.sci.gsfc.nasa.gov/cmr/getfile/A2020053182000.L2_LAC_OC.nc
, A2020053182000, 8338, 30575, 27.2706459525756
https://oceandata.sci.gsfc.nasa.gov/cmr/getfile/A2020054172500.L2_LAC_OC.nc
, A2020054172500, 65723, 148331, 44.3083374345214
https://oceandata.sci.gsfc.nasa.gov/cmr/getfile/A2020055162500.L2_LAC_OC.nc
, A2020055162500, 0, 0, NA
https://oceandata.sci.gsfc.nasa.gov/cmr/getfile/A2020055163000.L2_LAC_OC.nc
, A2020055163000, 8992, 33135, 27.1374679342085
https://oceandata.sci.gsfc.nasa.gov/cmr/getfile/A2020055180500.L2_LAC_OC.nc
, A2020055180500, 24448, 57910, 42.2172336384044
https://oceandata.sci.gsfc.nasa.gov/cmr/getfile/A2020055181000.L2_LAC_OC.nc
, A2020055181000, 0, 0, NA
https://oceandata.sci.gsfc.nasa.gov/cmr/getfile/A2020056153500.L2_LAC_OC.nc
, A2020056153500, 0, 0, NA
https://oceandata.sci.gsfc.nasa.gov/cmr/getfile/A2020056171000.L2_LAC_OC.nc
, A2020056171000, 1035, 131778, 0.785411828985111
https://oceandata.sci.gsfc.nasa.gov/cmr/getfile/A2020056171500.L2_LAC_OC.nc
, A2020056171500, 0, 0, NA
https://oceandata.sci.gsfc.nasa.gov/cmr/getfile/A2020057161500.L2_LAC_OC.nc
, A2020057161500, 0, 8497, 0
https://oceandata.sci.gsfc.nasa.gov/cmr/getfile/A2020057175500.L2_LAC_OC.nc
, A2020057175500, 675, 85557, 0.788947719064483
https://oceandata.sci.gsfc.nasa.gov/cmr/getfile/A2020058170000.L2_LAC_OC.nc
, A2020058170000, 0, 99351, 0
https://oceandata.sci.gsfc.nasa.gov/cmr/getfile/A2020058183500.L2_LAC_OC.nc
, A2020058183500, 0, 0, NA
https://oceandata.sci.gsfc.nasa.gov/cmr/getfile/A2020059160500.L2_LAC_OC.nc
, A2020059160500, 0, 0, NA
https://oceandata.sci.gsfc.nasa.gov/cmr/getfile/A2020059174000.L2_LAC_OC.nc
, A2020059174000, 11602, 113240, 10.2454962910632
https://oceandata.sci.gsfc.nasa.gov/cmr/getfile/A2020059174500.L2_LAC_OC.nc
, A2020059174500, 0, 6281, 0
https://oceandata.sci.gsfc.nasa.gov/cmr/getfile/A2020060164500.L2_LAC_OC.nc
, A2020060164500, 4189, 65049, 6.43976079570785
https://oceandata.sci.gsfc.nasa.gov/cmr/getfile/A2020060165000.L2_LAC_OC.nc
, A2020060165000, 0, 4272, 0
https://oceandata.sci.gsfc.nasa.gov/cmr/getfile/A2020060182500.L2_LAC_OC.nc
, A2020060182500, 268, 17133, 1.56423276717446
https://oceandata.sci.gsfc.nasa.gov/cmr/getfile/A2020061173000.L2_LAC_OC.nc
, A2020061173000, 14630, 145185, 10.0767985673451
https://oceandata.sci.gsfc.nasa.gov/cmr/getfile/A2020062163500.L2_LAC_OC.nc
, A2020062163500, 6287, 46981, 13.3820054915817
https://oceandata.sci.gsfc.nasa.gov/cmr/getfile/A2020062181000.L2_LAC_OC.nc
, A2020062181000, 262, 1732, 15.1270207852194
https://oceandata.sci.gsfc.nasa.gov/cmr/getfile/A2020062181500.L2_LAC_OC.nc
, A2020062181500, 3653, 45296, 8.06472977746379
https://oceandata.sci.gsfc.nasa.gov/cmr/getfile/A2020063171500.L2_LAC_OC.nc
, A2020063171500, 13439, 44662, 30.0904572119475
https://oceandata.sci.gsfc.nasa.gov/cmr/getfile/A2020063172000.L2_LAC_OC.nc
, A2020063172000, 13954, 98710, 14.1363590315064
https://oceandata.sci.gsfc.nasa.gov/cmr/getfile/A2020064162000.L2_LAC_OC.nc
, A2020064162000, 0, 2751, 0
https://oceandata.sci.gsfc.nasa.gov/cmr/getfile/A2020064162500.L2_LAC_OC.nc
, A2020064162500, 0, 17039, 0
https://oceandata.sci.gsfc.nasa.gov/cmr/getfile/A2020064180000.L2_LAC_OC.nc
, A2020064180000, 11818, 70575, 16.7453064116188
https://oceandata.sci.gsfc.nasa.gov/cmr/getfile/A2020065153000.L2_LAC_OC.nc
, A2020065153000, 0, 0, NA
https://oceandata.sci.gsfc.nasa.gov/cmr/getfile/A2020065170500.L2_LAC_OC.nc
, A2020065170500, 42945, 116095, 36.9912571600844
https://oceandata.sci.gsfc.nasa.gov/cmr/getfile/A2020066161000.L2_LAC_OC.nc
, A2020066161000, 156, 1061, 14.7031102733271
https://oceandata.sci.gsfc.nasa.gov/cmr/getfile/A2020066175000.L2_LAC_OC.nc
, A2020066175000, 1571, 102335, 1.53515415058387
https://oceandata.sci.gsfc.nasa.gov/cmr/getfile/A2020067165000.L2_LAC_OC.nc
, A2020067165000, 0, 0, NA
https://oceandata.sci.gsfc.nasa.gov/cmr/getfile/A2020067165500.L2_LAC_OC.nc
, A2020067165500, 54, 83280, 0.0648414985590778
https://oceandata.sci.gsfc.nasa.gov/cmr/getfile/A2020067183000.L2_LAC_OC.nc
, A2020067183000, 1172, 6186, 18.9460071128354
https://oceandata.sci.gsfc.nasa.gov/cmr/getfile/A2020067183500.L2_LAC_OC.nc
, A2020067183500, 0, 0, NA
https://oceandata.sci.gsfc.nasa.gov/cmr/getfile/A2020068160000.L2_LAC_OC.nc
, A2020068160000, 0, 0, NA
https://oceandata.sci.gsfc.nasa.gov/cmr/getfile/A2020068173500.L2_LAC_OC.nc
, A2020068173500, 59701, 134829, 44.2790497593248
https://oceandata.sci.gsfc.nasa.gov/cmr/getfile/A2020069164000.L2_LAC_OC.nc
, A2020069164000, 174, 57341, 0.303447794771629
https://oceandata.sci.gsfc.nasa.gov/cmr/getfile/A2020069182000.L2_LAC_OC.nc
, A2020069182000, 4922, 30806, 15.9774069986366
https://oceandata.sci.gsfc.nasa.gov/cmr/getfile/A2020070172500.L2_LAC_OC.nc
, A2020070172500, 394, 148197, 0.265862331896057
https://oceandata.sci.gsfc.nasa.gov/cmr/getfile/A2020071162500.L2_LAC_OC.nc
, A2020071162500, 0, 0, NA
https://oceandata.sci.gsfc.nasa.gov/cmr/getfile/A2020071163000.L2_LAC_OC.nc
, A2020071163000, 1836, 33120, 5.54347826086957
https://oceandata.sci.gsfc.nasa.gov/cmr/getfile/A2020071180500.L2_LAC_OC.nc
, A2020071180500, 6996, 58082, 12.0450397713577
https://oceandata.sci.gsfc.nasa.gov/cmr/getfile/A2020071181000.L2_LAC_OC.nc
, A2020071181000, 0, 0, NA
https://oceandata.sci.gsfc.nasa.gov/cmr/getfile/A2020072153500.L2_LAC_OC.nc
, A2020072153500, 0, 0, NA
https://oceandata.sci.gsfc.nasa.gov/cmr/getfile/A2020072171000.L2_LAC_OC.nc
, A2020072171000, 44025, 131402, 33.5040562548515
https://oceandata.sci.gsfc.nasa.gov/cmr/getfile/A2020072171500.L2_LAC_OC.nc
, A2020072171500, 0, 0, NA
https://oceandata.sci.gsfc.nasa.gov/cmr/getfile/A2020073161500.L2_LAC_OC.nc
, A2020073161500, 0, 8426, 0
https://oceandata.sci.gsfc.nasa.gov/cmr/getfile/A2020073175500.L2_LAC_OC.nc
, A2020073175500, 0, 85843, 0
https://oceandata.sci.gsfc.nasa.gov/cmr/getfile/A2020074170000.L2_LAC_OC.nc
, A2020074170000, 29093, 99015, 29.3824168055345
https://oceandata.sci.gsfc.nasa.gov/cmr/getfile/A2020074183500.L2_LAC_OC.nc
, A2020074183500, 0, 0, NA
https://oceandata.sci.gsfc.nasa.gov/cmr/getfile/A2020075160500.L2_LAC_OC.nc
, A2020075160500, 0, 0, NA
https://oceandata.sci.gsfc.nasa.gov/cmr/getfile/A2020075174000.L2_LAC_OC.nc
, A2020075174000, 42567, 112761, 37.7497539042754
https://oceandata.sci.gsfc.nasa.gov/cmr/getfile/A2020075174500.L2_LAC_OC.nc
, A2020075174500, 0, 6990, 0
https://oceandata.sci.gsfc.nasa.gov/cmr/getfile/A2020076164500.L2_LAC_OC.nc
, A2020076164500, 19145, 64676, 29.6013977364092
https://oceandata.sci.gsfc.nasa.gov/cmr/getfile/A2020076165000.L2_LAC_OC.nc
, A2020076165000, 0, 4418, 0
https://oceandata.sci.gsfc.nasa.gov/cmr/getfile/A2020076182500.L2_LAC_OC.nc
, A2020076182500, 7012, 17463, 40.1534673309283
https://oceandata.sci.gsfc.nasa.gov/cmr/getfile/A2020077173000.L2_LAC_OC.nc
, A2020077173000, 1, 145143, 0.000688975699827067
https://oceandata.sci.gsfc.nasa.gov/cmr/getfile/A2020078163500.L2_LAC_OC.nc
, A2020078163500, 18287, 46848, 39.0347506830601
https://oceandata.sci.gsfc.nasa.gov/cmr/getfile/A2020078181000.L2_LAC_OC.nc
, A2020078181000, 1941, 1952, 99.4364754098361
https://oceandata.sci.gsfc.nasa.gov/cmr/getfile/A2020078181500.L2_LAC_OC.nc
, A2020078181500, 17884, 45412, 39.3816612349159
https://oceandata.sci.gsfc.nasa.gov/cmr/getfile/A2020079171500.L2_LAC_OC.nc
, A2020079171500, 8, 45819, 0.0174600056745018
https://oceandata.sci.gsfc.nasa.gov/cmr/getfile/A2020079172000.L2_LAC_OC.nc
, A2020079172000, 1842, 97255, 1.89399002621973
https://oceandata.sci.gsfc.nasa.gov/cmr/getfile/A2020080162000.L2_LAC_OC.nc
, A2020080162000, 0, 2921, 0
https://oceandata.sci.gsfc.nasa.gov/cmr/getfile/A2020080162500.L2_LAC_OC.nc
, A2020080162500, 0, 16783, 0
https://oceandata.sci.gsfc.nasa.gov/cmr/getfile/A2020080180000.L2_LAC_OC.nc
, A2020080180000, 0, 70796, 0
https://oceandata.sci.gsfc.nasa.gov/cmr/getfile/A2020081153000.L2_LAC_OC.nc
, A2020081153000, 0, 0, NA
https://oceandata.sci.gsfc.nasa.gov/cmr/getfile/A2020081170500.L2_LAC_OC.nc
, A2020081170500, 30270, 115850, 26.1286145878291
https://oceandata.sci.gsfc.nasa.gov/cmr/getfile/A2020082161000.L2_LAC_OC.nc
, A2020082161000, 28, 1084, 2.5830258302583
https://oceandata.sci.gsfc.nasa.gov/cmr/getfile/A2020082175000.L2_LAC_OC.nc
, A2020082175000, 45178, NA, NA
https://oceandata.sci.gsfc.nasa.gov/cmr/getfile/A2020083165000.L2_LAC_OC.nc
, A2020083165000, 0, 0, NA
https://oceandata.sci.gsfc.nasa.gov/cmr/getfile/A2020083165500.L2_LAC_OC.nc
, A2020083165500, 140, 83198, 0.168273275799899
https://oceandata.sci.gsfc.nasa.gov/cmr/getfile/A2020083183000.L2_LAC_OC.nc
, A2020083183000, 0, 6351, 0
https://oceandata.sci.gsfc.nasa.gov/cmr/getfile/A2020083183500.L2_LAC_OC.nc
, A2020083183500, 0, 0, NA
https://oceandata.sci.gsfc.nasa.gov/cmr/getfile/A2020084160000.L2_LAC_OC.nc
, A2020084160000, 0, 0, NA
https://oceandata.sci.gsfc.nasa.gov/cmr/getfile/A2020084173500.L2_LAC_OC.nc
, A2020084173500, 7522, 134788, 5.58061548505802
https://oceandata.sci.gsfc.nasa.gov/cmr/getfile/A2020084174000.L2_LAC_OC.nc
, A2020084174000, 0, 0, NA
https://oceandata.sci.gsfc.nasa.gov/cmr/getfile/A2020085164000.L2_LAC_OC.nc
, A2020085164000, 4860, 57356, 8.47339423948671
https://oceandata.sci.gsfc.nasa.gov/cmr/getfile/A2020085182000.L2_LAC_OC.nc
, A2020085182000, 801, 30971, 2.58629040069743
https://oceandata.sci.gsfc.nasa.gov/cmr/getfile/A2020086172500.L2_LAC_OC.nc
, A2020086172500, 7340, 148069, 4.95714835650946
https://oceandata.sci.gsfc.nasa.gov/cmr/getfile/A2020087162500.L2_LAC_OC.nc
, A2020087162500, 0, 0, NA
https://oceandata.sci.gsfc.nasa.gov/cmr/getfile/A2020087163000.L2_LAC_OC.nc
, A2020087163000, 506, 33206, 1.52382099620551
https://oceandata.sci.gsfc.nasa.gov/cmr/getfile/A2020087180500.L2_LAC_OC.nc
, A2020087180500, 4952, 58122, 8.52000963490589
https://oceandata.sci.gsfc.nasa.gov/cmr/getfile/A2020087181000.L2_LAC_OC.nc
, A2020087181000, 0, 0, NA
https://oceandata.sci.gsfc.nasa.gov/cmr/getfile/A2020088153500.L2_LAC_OC.nc
, A2020088153500, 0, 0, NA
https://oceandata.sci.gsfc.nasa.gov/cmr/getfile/A2020088171000.L2_LAC_OC.nc
, A2020088171000, 45883, 131415, 34.9145835711296
https://oceandata.sci.gsfc.nasa.gov/cmr/getfile/A2020088171500.L2_LAC_OC.nc
, A2020088171500, 0, 0, NA
https://oceandata.sci.gsfc.nasa.gov/cmr/getfile/A2020089161500.L2_LAC_OC.nc
, A2020089161500, 951, 8527, 11.1528087252258
https://oceandata.sci.gsfc.nasa.gov/cmr/getfile/A2020089175500.L2_LAC_OC.nc
, A2020089175500, 2499, 85757, 2.91404783282997
https://oceandata.sci.gsfc.nasa.gov/cmr/getfile/A2020090170000.L2_LAC_OC.nc
, A2020090170000, 1, 99085, 0.00100923449563506
https://oceandata.sci.gsfc.nasa.gov/cmr/getfile/A2020090183500.L2_LAC_OC.nc
, A2020090183500, 0, 0, NA
https://oceandata.sci.gsfc.nasa.gov/cmr/getfile/A2020091160500.L2_LAC_OC.nc
, A2020091160500, 0, 0, NA
https://oceandata.sci.gsfc.nasa.gov/cmr/getfile/A2020091174000.L2_LAC_OC.nc
, A2020091174000, 3823, 102456, 3.73135785117514
https://oceandata.sci.gsfc.nasa.gov/cmr/getfile/A2020091174500.L2_LAC_OC.nc
, A2020091174500, 0, 17219, 0
https://oceandata.sci.gsfc.nasa.gov/cmr/getfile/A2020092164500.L2_LAC_OC.nc
, A2020092164500, 0, 62099, 0
https://oceandata.sci.gsfc.nasa.gov/cmr/getfile/A2020092165000.L2_LAC_OC.nc
, A2020092165000, 0, 7035, 0
https://oceandata.sci.gsfc.nasa.gov/cmr/getfile/A2020092182500.L2_LAC_OC.nc
, A2020092182500, 0, 17473, 0
https://oceandata.sci.gsfc.nasa.gov/cmr/getfile/A2020093173000.L2_LAC_OC.nc
, A2020093173000, 0, 145114, 0
https://oceandata.sci.gsfc.nasa.gov/cmr/getfile/A2020094163500.L2_LAC_OC.nc
, A2020094163500, 1, 46835, 0.00213515533255044
https://oceandata.sci.gsfc.nasa.gov/cmr/getfile/A2020094181000.L2_LAC_OC.nc
, A2020094181000, 0, 337, 0
https://oceandata.sci.gsfc.nasa.gov/cmr/getfile/A2020094181500.L2_LAC_OC.nc
, A2020094181500, 0, 47047, 0
https://oceandata.sci.gsfc.nasa.gov/cmr/getfile/A2020095171500.L2_LAC_OC.nc
, A2020095171500, 14044, 39467, 35.5841589175767
https://oceandata.sci.gsfc.nasa.gov/cmr/getfile/A2020095172000.L2_LAC_OC.nc
, A2020095172000, 11352, 103609, 10.9565771313303
https://oceandata.sci.gsfc.nasa.gov/cmr/getfile/A2020096162000.L2_LAC_OC.nc
, A2020096162000, 55, 2351, 2.33943002977456
https://oceandata.sci.gsfc.nasa.gov/cmr/getfile/A2020096162500.L2_LAC_OC.nc
, A2020096162500, 2555, 17370, 14.7092688543466
https://oceandata.sci.gsfc.nasa.gov/cmr/getfile/A2020096180000.L2_LAC_OC.nc
, A2020096180000, 15194, 70805, 21.4589365157828
https://oceandata.sci.gsfc.nasa.gov/cmr/getfile/A2020097153000.L2_LAC_OC.nc
, A2020097153000, 0, 0, NA
https://oceandata.sci.gsfc.nasa.gov/cmr/getfile/A2020097170500.L2_LAC_OC.nc
, A2020097170500, 44934, 115873, 38.7786628463922
https://oceandata.sci.gsfc.nasa.gov/cmr/getfile/A2020098161000.L2_LAC_OC.nc
, A2020098161000, 279, 1064, 26.2218045112782
https://oceandata.sci.gsfc.nasa.gov/cmr/getfile/A2020098175000.L2_LAC_OC.nc
, A2020098175000, 34555, 102467, 33.7230522997648
https://oceandata.sci.gsfc.nasa.gov/cmr/getfile/A2020099165000.L2_LAC_OC.nc
, A2020099165000, 0, 0, NA
https://oceandata.sci.gsfc.nasa.gov/cmr/getfile/A2020099165500.L2_LAC_OC.nc
, A2020099165500, 25451, 83194, 30.5923504098853
https://oceandata.sci.gsfc.nasa.gov/cmr/getfile/A2020099183000.L2_LAC_OC.nc
, A2020099183000, 342, 6347, 5.38837245942965
https://oceandata.sci.gsfc.nasa.gov/cmr/getfile/A2020099183500.L2_LAC_OC.nc
, A2020099183500, 0, 0, NA
https://oceandata.sci.gsfc.nasa.gov/cmr/getfile/A2020100160000.L2_LAC_OC.nc
, A2020100160000, 0, 0, NA
https://oceandata.sci.gsfc.nasa.gov/cmr/getfile/A2020100173500.L2_LAC_OC.nc
, A2020100173500, 0, 134820, 0
https://oceandata.sci.gsfc.nasa.gov/cmr/getfile/A2020100174000.L2_LAC_OC.nc
, A2020100174000, 0, 0, NA
https://oceandata.sci.gsfc.nasa.gov/cmr/getfile/A2020101164000.L2_LAC_OC.nc
, A2020101164000, 1763, 57347, 3.07426718049767
https://oceandata.sci.gsfc.nasa.gov/cmr/getfile/A2020101182000.L2_LAC_OC.nc
, A2020101182000, 0, 30942, 0
https://oceandata.sci.gsfc.nasa.gov/cmr/getfile/A2020102172500.L2_LAC_OC.nc
, A2020102172500, 29900, 148110, 20.1876983323206
https://oceandata.sci.gsfc.nasa.gov/cmr/getfile/A2020103162500.L2_LAC_OC.nc
, A2020103162500, 0, 0, NA
https://oceandata.sci.gsfc.nasa.gov/cmr/getfile/A2020103163000.L2_LAC_OC.nc
, A2020103163000, 8750, 33191, 26.3625681660691
https://oceandata.sci.gsfc.nasa.gov/cmr/getfile/A2020103180500.L2_LAC_OC.nc
, A2020103180500, 11851, 58076, 20.4060196983263
https://oceandata.sci.gsfc.nasa.gov/cmr/getfile/A2020103181000.L2_LAC_OC.nc
, A2020103181000, 0, 0, NA
https://oceandata.sci.gsfc.nasa.gov/cmr/getfile/A2020104153500.L2_LAC_OC.nc
, A2020104153500, 0, 0, NA
https://oceandata.sci.gsfc.nasa.gov/cmr/getfile/A2020104171000.L2_LAC_OC.nc
, A2020104171000, 0, 131495, 0
https://oceandata.sci.gsfc.nasa.gov/cmr/getfile/A2020104171500.L2_LAC_OC.nc
, A2020104171500, 0, 0, NA
https://oceandata.sci.gsfc.nasa.gov/cmr/getfile/A2020105161500.L2_LAC_OC.nc
, A2020105161500, 2408, 8513, 28.2861505932104
https://oceandata.sci.gsfc.nasa.gov/cmr/getfile/A2020105175500.L2_LAC_OC.nc
, A2020105175500, 29003, 85685, 33.8483982027193
https://oceandata.sci.gsfc.nasa.gov/cmr/getfile/A2020106170000.L2_LAC_OC.nc
, A2020106170000, 135, 99109, 0.136213663743959
https://oceandata.sci.gsfc.nasa.gov/cmr/getfile/A2020106183500.L2_LAC_OC.nc
, A2020106183500, 0, 0, NA
https://oceandata.sci.gsfc.nasa.gov/cmr/getfile/A2020107160500.L2_LAC_OC.nc
, A2020107160500, 0, 0, NA
https://oceandata.sci.gsfc.nasa.gov/cmr/getfile/A2020107174000.L2_LAC_OC.nc
, A2020107174000, 23075, 104080, 22.1704458109147
https://oceandata.sci.gsfc.nasa.gov/cmr/getfile/A2020107174500.L2_LAC_OC.nc
, A2020107174500, 158, 15561, 1.01535891009575
https://oceandata.sci.gsfc.nasa.gov/cmr/getfile/A2020108164500.L2_LAC_OC.nc
, A2020108164500, 19022, 63104, 30.1438894523327
https://oceandata.sci.gsfc.nasa.gov/cmr/getfile/A2020108165000.L2_LAC_OC.nc
, A2020108165000, 0, 6080, 0
https://oceandata.sci.gsfc.nasa.gov/cmr/getfile/A2020108182500.L2_LAC_OC.nc
, A2020108182500, 5700, 17362, 32.8303190876627
https://oceandata.sci.gsfc.nasa.gov/cmr/getfile/A2020109173000.L2_LAC_OC.nc
, A2020109173000, 2205, 145142, 1.5192018850505
https://oceandata.sci.gsfc.nasa.gov/cmr/getfile/A2020110163500.L2_LAC_OC.nc
, A2020110163500, 19974, 46870, 42.6157456795392
https://oceandata.sci.gsfc.nasa.gov/cmr/getfile/A2020110181000.L2_LAC_OC.nc
, A2020110181000, 1125, 1125, 100
https://oceandata.sci.gsfc.nasa.gov/cmr/getfile/A2020110181500.L2_LAC_OC.nc
, A2020110181500, 20047, 46125, 43.4623306233062
https://oceandata.sci.gsfc.nasa.gov/cmr/getfile/A2020111171500.L2_LAC_OC.nc
, A2020111171500, 0, 44470, 0
https://oceandata.sci.gsfc.nasa.gov/cmr/getfile/A2020111172000.L2_LAC_OC.nc
, A2020111172000, 3440, 98746, 3.48368541510542
https://oceandata.sci.gsfc.nasa.gov/cmr/getfile/A2020112162000.L2_LAC_OC.nc
, A2020112162000, 2925, 2925, 100
https://oceandata.sci.gsfc.nasa.gov/cmr/getfile/A2020112162500.L2_LAC_OC.nc
, A2020112162500, 4588, 16734, 27.4172343731325
https://oceandata.sci.gsfc.nasa.gov/cmr/getfile/A2020112180000.L2_LAC_OC.nc
, A2020112180000, 29412, 70747, 41.5734942824431
https://oceandata.sci.gsfc.nasa.gov/cmr/getfile/A2020113153000.L2_LAC_OC.nc
, A2020113153000, 0, 0, NA
https://oceandata.sci.gsfc.nasa.gov/cmr/getfile/A2020113170500.L2_LAC_OC.nc
, A2020113170500, 22232, 115904, 19.1813914964108
https://oceandata.sci.gsfc.nasa.gov/cmr/getfile/A2020114161000.L2_LAC_OC.nc
, A2020114161000, 0, 1036, 0
https://oceandata.sci.gsfc.nasa.gov/cmr/getfile/A2020114175000.L2_LAC_OC.nc
, A2020114175000, 43657, 102452, 42.6121500800375
https://oceandata.sci.gsfc.nasa.gov/cmr/getfile/A2020115165000.L2_LAC_OC.nc
, A2020115165000, 0, 0, NA
https://oceandata.sci.gsfc.nasa.gov/cmr/getfile/A2020115165500.L2_LAC_OC.nc
, A2020115165500, 2116, 83179, 2.54391132377163
https://oceandata.sci.gsfc.nasa.gov/cmr/getfile/A2020115183000.L2_LAC_OC.nc
, A2020115183000, 0, 6242, 0
https://oceandata.sci.gsfc.nasa.gov/cmr/getfile/A2020115183500.L2_LAC_OC.nc
, A2020115183500, 0, 0, NA
https://oceandata.sci.gsfc.nasa.gov/cmr/getfile/A2020116160000.L2_LAC_OC.nc
, A2020116160000, 0, 0, NA
https://oceandata.sci.gsfc.nasa.gov/cmr/getfile/A2020116173500.L2_LAC_OC.nc
, A2020116173500, 63236, 134929, 46.8661295940828
https://oceandata.sci.gsfc.nasa.gov/cmr/getfile/A2020117164000.L2_LAC_OC.nc
, A2020117164000, 1501, 57301, 2.61950053227692
https://oceandata.sci.gsfc.nasa.gov/cmr/getfile/A2020117182000.L2_LAC_OC.nc
, A2020117182000, 0, 30846, 0
https://oceandata.sci.gsfc.nasa.gov/cmr/getfile/A2020118172500.L2_LAC_OC.nc
, A2020118172500, 0, 148216, 0
https://oceandata.sci.gsfc.nasa.gov/cmr/getfile/A2020119162500.L2_LAC_OC.nc
, A2020119162500, 0, 0, NA
https://oceandata.sci.gsfc.nasa.gov/cmr/getfile/A2020119163000.L2_LAC_OC.nc
, A2020119163000, 0, 33015, 0
https://oceandata.sci.gsfc.nasa.gov/cmr/getfile/A2020119180500.L2_LAC_OC.nc
, A2020119180500, 7, 58065, 0.0120554550934298
https://oceandata.sci.gsfc.nasa.gov/cmr/getfile/A2020119181000.L2_LAC_OC.nc
, A2020119181000, 0, 0, NA
https://oceandata.sci.gsfc.nasa.gov/cmr/getfile/A2020120153500.L2_LAC_OC.nc
, A2020120153500, 0, 0, NA
https://oceandata.sci.gsfc.nasa.gov/cmr/getfile/A2020120171000.L2_LAC_OC.nc
, A2020120171000, 49766, 131558, 37.8281822466137
https://oceandata.sci.gsfc.nasa.gov/cmr/getfile/A2020120171500.L2_LAC_OC.nc
, A2020120171500, 0, 0, NA
https://oceandata.sci.gsfc.nasa.gov/cmr/getfile/A2020121161500.L2_LAC_OC.nc
, A2020121161500, 1413, 8327, 16.9688963612345
https://oceandata.sci.gsfc.nasa.gov/cmr/getfile/A2020121175500.L2_LAC_OC.nc
, A2020121175500, 8475, 85789, 9.87888890184056
https://oceandata.sci.gsfc.nasa.gov/cmr/getfile/A2020122170000.L2_LAC_OC.nc
, A2020122170000, 65, 99048, 0.0656247475971246
https://oceandata.sci.gsfc.nasa.gov/cmr/getfile/A2020122183500.L2_LAC_OC.nc
, A2020122183500, 0, 0, NA
https://oceandata.sci.gsfc.nasa.gov/cmr/getfile/A2020123160500.L2_LAC_OC.nc
, A2020123160500, 0, 0, NA
https://oceandata.sci.gsfc.nasa.gov/cmr/getfile/A2020123174000.L2_LAC_OC.nc
, A2020123174000, 32398, 114516, 28.2912431450627
https://oceandata.sci.gsfc.nasa.gov/cmr/getfile/A2020123174500.L2_LAC_OC.nc
, A2020123174500, 0, 5293, 0
https://oceandata.sci.gsfc.nasa.gov/cmr/getfile/A2020124164500.L2_LAC_OC.nc
, A2020124164500, 1901, 66748, 2.84802540900102
https://oceandata.sci.gsfc.nasa.gov/cmr/getfile/A2020124165000.L2_LAC_OC.nc
, A2020124165000, 0, 2315, 0
https://oceandata.sci.gsfc.nasa.gov/cmr/getfile/A2020124182500.L2_LAC_OC.nc
, A2020124182500, 0, 17328, 0
https://oceandata.sci.gsfc.nasa.gov/cmr/getfile/A2020125173000.L2_LAC_OC.nc
, A2020125173000, 3065, 145309, 2.10929811642775
https://oceandata.sci.gsfc.nasa.gov/cmr/getfile/A2020126163500.L2_LAC_OC.nc
, A2020126163500, 243, 46681, 0.520554401148219
https://oceandata.sci.gsfc.nasa.gov/cmr/getfile/A2020126181000.L2_LAC_OC.nc
, A2020126181000, 397, 5143, 7.71923002138829
https://oceandata.sci.gsfc.nasa.gov/cmr/getfile/A2020126181500.L2_LAC_OC.nc
, A2020126181500, 7, 42143, 0.016610113186057
https://oceandata.sci.gsfc.nasa.gov/cmr/getfile/A2020127154000.L2_LAC_OC.nc
, A2020127154000, 0, 0, NA
https://oceandata.sci.gsfc.nasa.gov/cmr/getfile/A2020127171500.L2_LAC_OC.nc
, A2020127171500, 41783, 61926, 67.4724671381972
https://oceandata.sci.gsfc.nasa.gov/cmr/getfile/A2020127172000.L2_LAC_OC.nc
, A2020127172000, 10957, 81310, 13.4755872586398
https://oceandata.sci.gsfc.nasa.gov/cmr/getfile/A2020128162000.L2_LAC_OC.nc
, A2020128162000, 0, 4843, 0
https://oceandata.sci.gsfc.nasa.gov/cmr/getfile/A2020128162500.L2_LAC_OC.nc
, A2020128162500, 0, 14537, 0
https://oceandata.sci.gsfc.nasa.gov/cmr/getfile/A2020128180000.L2_LAC_OC.nc
, A2020128180000, 4178, 70881, 5.89438636588084
https://oceandata.sci.gsfc.nasa.gov/cmr/getfile/A2020129153000.L2_LAC_OC.nc
, A2020129153000, 0, 0, NA
https://oceandata.sci.gsfc.nasa.gov/cmr/getfile/A2020129170500.L2_LAC_OC.nc
, A2020129170500, 35928, 115807, 31.0240313625256
https://oceandata.sci.gsfc.nasa.gov/cmr/getfile/A2020130161000.L2_LAC_OC.nc
, A2020130161000, 0, 924, 0
https://oceandata.sci.gsfc.nasa.gov/cmr/getfile/A2020130175000.L2_LAC_OC.nc
, A2020130175000, 1945, 102746, 1.89301773305043
https://oceandata.sci.gsfc.nasa.gov/cmr/getfile/A2020131165000.L2_LAC_OC.nc
, A2020131165000, 0, 0, NA
https://oceandata.sci.gsfc.nasa.gov/cmr/getfile/A2020131165500.L2_LAC_OC.nc
, A2020131165500, 14453, 82997, 17.4138824294854
https://oceandata.sci.gsfc.nasa.gov/cmr/getfile/A2020131183000.L2_LAC_OC.nc
, A2020131183000, 1047, 6259, 16.7279118069979
https://oceandata.sci.gsfc.nasa.gov/cmr/getfile/A2020131183500.L2_LAC_OC.nc
, A2020131183500, 0, 0, NA
https://oceandata.sci.gsfc.nasa.gov/cmr/getfile/A2020132160000.L2_LAC_OC.nc
, A2020132160000, 0, 0, NA
https://oceandata.sci.gsfc.nasa.gov/cmr/getfile/A2020132173500.L2_LAC_OC.nc
, A2020132173500, 59978, 135219, 44.3561925469054
https://oceandata.sci.gsfc.nasa.gov/cmr/getfile/A2020133164000.L2_LAC_OC.nc
, A2020133164000, 2847, 57124, 4.98389468524613
https://oceandata.sci.gsfc.nasa.gov/cmr/getfile/A2020133182000.L2_LAC_OC.nc
, A2020133182000, 5572, 30924, 18.0183676109171
https://oceandata.sci.gsfc.nasa.gov/cmr/getfile/A2020134172500.L2_LAC_OC.nc
, A2020134172500, 63730, 148308, 42.9713838767969
https://oceandata.sci.gsfc.nasa.gov/cmr/getfile/A2020135162500.L2_LAC_OC.nc
, A2020135162500, 0, 0, NA
https://oceandata.sci.gsfc.nasa.gov/cmr/getfile/A2020135163000.L2_LAC_OC.nc
, A2020135163000, 11667, 32633, 35.7521527288328
https://oceandata.sci.gsfc.nasa.gov/cmr/getfile/A2020135180500.L2_LAC_OC.nc
, A2020135180500, 24307, 58235, 41.7395037348673
https://oceandata.sci.gsfc.nasa.gov/cmr/getfile/A2020135181000.L2_LAC_OC.nc
, A2020135181000, 0, 0, NA
https://oceandata.sci.gsfc.nasa.gov/cmr/getfile/A2020136153500.L2_LAC_OC.nc
, A2020136153500, 0, 0, NA
https://oceandata.sci.gsfc.nasa.gov/cmr/getfile/A2020136171000.L2_LAC_OC.nc
, A2020136171000, 286, 131395, 0.217664294683968
https://oceandata.sci.gsfc.nasa.gov/cmr/getfile/A2020136171500.L2_LAC_OC.nc
, A2020136171500, 0, 0, NA
https://oceandata.sci.gsfc.nasa.gov/cmr/getfile/A2020137161500.L2_LAC_OC.nc
, A2020137161500, 0, 8076, 0
https://oceandata.sci.gsfc.nasa.gov/cmr/getfile/A2020137175500.L2_LAC_OC.nc
, A2020137175500, 3174, 86021, 3.68979667755548
https://oceandata.sci.gsfc.nasa.gov/cmr/getfile/A2020138170000.L2_LAC_OC.nc
, A2020138170000, 16439, 98854, 16.6295749286827
https://oceandata.sci.gsfc.nasa.gov/cmr/getfile/A2020138183500.L2_LAC_OC.nc
, A2020138183500, 0, 0, NA
https://oceandata.sci.gsfc.nasa.gov/cmr/getfile/A2020139160500.L2_LAC_OC.nc
, A2020139160500, 0, 0, NA
https://oceandata.sci.gsfc.nasa.gov/cmr/getfile/A2020139174000.L2_LAC_OC.nc
, A2020139174000, 34378, 120049, 28.6366400386509
https://oceandata.sci.gsfc.nasa.gov/cmr/getfile/A2020139174500.L2_LAC_OC.nc
, A2020139174500, 0, 2, 0
https://oceandata.sci.gsfc.nasa.gov/cmr/getfile/A2020140164500.L2_LAC_OC.nc
, A2020140164500, 30031, 68634, 43.7552816388379
https://oceandata.sci.gsfc.nasa.gov/cmr/getfile/A2020140165000.L2_LAC_OC.nc
, A2020140165000, 0, 275, 0
https://oceandata.sci.gsfc.nasa.gov/cmr/getfile/A2020140182500.L2_LAC_OC.nc
, A2020140182500, 8331, 17358, 47.9951607328033
https://oceandata.sci.gsfc.nasa.gov/cmr/getfile/A2020141173000.L2_LAC_OC.nc
, A2020141173000, 63343, 145502, 43.5341094967767
https://oceandata.sci.gsfc.nasa.gov/cmr/getfile/A2020142163500.L2_LAC_OC.nc
, A2020142163500, 4942, 46513, 10.6249865628964
https://oceandata.sci.gsfc.nasa.gov/cmr/getfile/A2020142181000.L2_LAC_OC.nc
, A2020142181000, 1232, 10079, 12.2234348645699
https://oceandata.sci.gsfc.nasa.gov/cmr/getfile/A2020142181500.L2_LAC_OC.nc
, A2020142181500, 3148, 37276, 8.44511213649533
https://oceandata.sci.gsfc.nasa.gov/cmr/getfile/A2020143154000.L2_LAC_OC.nc
, A2020143154000, 0, 0, NA
https://oceandata.sci.gsfc.nasa.gov/cmr/getfile/A2020143171500.L2_LAC_OC.nc
, A2020143171500, 42794, 75454, 56.7153497495163
https://oceandata.sci.gsfc.nasa.gov/cmr/getfile/A2020143172000.L2_LAC_OC.nc
, A2020143172000, 2941, 67753, 4.34076719850044
https://oceandata.sci.gsfc.nasa.gov/cmr/getfile/A2020144162000.L2_LAC_OC.nc
, A2020144162000, 5185, 6229, 83.2396853427516
https://oceandata.sci.gsfc.nasa.gov/cmr/getfile/A2020144162500.L2_LAC_OC.nc
, A2020144162500, 2243, 12983, 17.2764384194716
https://oceandata.sci.gsfc.nasa.gov/cmr/getfile/A2020144180000.L2_LAC_OC.nc
, A2020144180000, 32392, 70984, 45.6328186633608
https://oceandata.sci.gsfc.nasa.gov/cmr/getfile/A2020145153000.L2_LAC_OC.nc
, A2020145153000, 0, 0, NA
https://oceandata.sci.gsfc.nasa.gov/cmr/getfile/A2020145170500.L2_LAC_OC.nc
, A2020145170500, 39257, 115701, 33.92969810114
https://oceandata.sci.gsfc.nasa.gov/cmr/getfile/A2020146161000.L2_LAC_OC.nc
, A2020146161000, 74, 879, 8.41865756541524
https://oceandata.sci.gsfc.nasa.gov/cmr/getfile/A2020146175000.L2_LAC_OC.nc
, A2020146175000, 24211, 102833, 23.5439985218753
https://oceandata.sci.gsfc.nasa.gov/cmr/getfile/A2020147165000.L2_LAC_OC.nc
, A2020147165000, 0, 0, NA
https://oceandata.sci.gsfc.nasa.gov/cmr/getfile/A2020147165500.L2_LAC_OC.nc
, A2020147165500, 23, 82911, 0.0277405893066059
https://oceandata.sci.gsfc.nasa.gov/cmr/getfile/A2020147183000.L2_LAC_OC.nc
, A2020147183000, 0, 6233, 0
https://oceandata.sci.gsfc.nasa.gov/cmr/getfile/A2020147183500.L2_LAC_OC.nc
, A2020147183500, 0, 0, NA
https://oceandata.sci.gsfc.nasa.gov/cmr/getfile/A2020148160000.L2_LAC_OC.nc
, A2020148160000, 0, 0, NA
https://oceandata.sci.gsfc.nasa.gov/cmr/getfile/A2020148173500.L2_LAC_OC.nc
, A2020148173500, 20031, 135265, 14.8087088308136
https://oceandata.sci.gsfc.nasa.gov/cmr/getfile/A2020149164000.L2_LAC_OC.nc
, A2020149164000, 652, 57070, 1.14245663220606
https://oceandata.sci.gsfc.nasa.gov/cmr/getfile/A2020149182000.L2_LAC_OC.nc
, A2020149182000, 217, 30901, 0.702242645869066
https://oceandata.sci.gsfc.nasa.gov/cmr/getfile/A2020150172500.L2_LAC_OC.nc
, A2020150172500, 48, 148369, 0.0323517715964925
https://oceandata.sci.gsfc.nasa.gov/cmr/getfile/A2020151162500.L2_LAC_OC.nc
, A2020151162500, 0, 0, NA
https://oceandata.sci.gsfc.nasa.gov/cmr/getfile/A2020151163000.L2_LAC_OC.nc
, A2020151163000, 7, 32603, 0.0214704168328068
https://oceandata.sci.gsfc.nasa.gov/cmr/getfile/A2020151180500.L2_LAC_OC.nc
, A2020151180500, 790, 58204, 1.35729503126933
https://oceandata.sci.gsfc.nasa.gov/cmr/getfile/A2020151181000.L2_LAC_OC.nc
, A2020151181000, 0, 0, NA
https://oceandata.sci.gsfc.nasa.gov/cmr/getfile/A2020152153500.L2_LAC_OC.nc
, A2020152153500, 0, 0, NA
https://oceandata.sci.gsfc.nasa.gov/cmr/getfile/A2020152171000.L2_LAC_OC.nc
, A2020152171000, 25082, 131440, 19.0824710894705
https://oceandata.sci.gsfc.nasa.gov/cmr/getfile/A2020152171500.L2_LAC_OC.nc
, A2020152171500, 0, 0, NA
https://oceandata.sci.gsfc.nasa.gov/cmr/getfile/A2020153161500.L2_LAC_OC.nc
, A2020153161500, 0, 8060, 0
https://oceandata.sci.gsfc.nasa.gov/cmr/getfile/A2020153175500.L2_LAC_OC.nc
, A2020153175500, 24998, 85971, 29.0772469786323
https://oceandata.sci.gsfc.nasa.gov/cmr/getfile/A2020154170000.L2_LAC_OC.nc
, A2020154170000, 25696, 98880, 25.9870550161812
https://oceandata.sci.gsfc.nasa.gov/cmr/getfile/A2020154183500.L2_LAC_OC.nc
, A2020154183500, 0, 0, NA
https://oceandata.sci.gsfc.nasa.gov/cmr/getfile/A2020155160500.L2_LAC_OC.nc
, A2020155160500, 0, 0, NA
https://oceandata.sci.gsfc.nasa.gov/cmr/getfile/A2020155174000.L2_LAC_OC.nc
, A2020155174000, 925, 120034, 0.770614992418815
https://oceandata.sci.gsfc.nasa.gov/cmr/getfile/A2020155174500.L2_LAC_OC.nc
, A2020155174500, 0, 0, NA
https://oceandata.sci.gsfc.nasa.gov/cmr/getfile/A2020156164500.L2_LAC_OC.nc
, A2020156164500, 22614, 68702, 32.9160723123053
https://oceandata.sci.gsfc.nasa.gov/cmr/getfile/A2020156165000.L2_LAC_OC.nc
, A2020156165000, 0, 221, 0
https://oceandata.sci.gsfc.nasa.gov/cmr/getfile/A2020156182500.L2_LAC_OC.nc
, A2020156182500, 6322, 17303, 36.537016702306
https://oceandata.sci.gsfc.nasa.gov/cmr/getfile/A2020157173000.L2_LAC_OC.nc
, A2020157173000, 2654, 145465, 1.82449386450349
https://oceandata.sci.gsfc.nasa.gov/cmr/getfile/A2020158163500.L2_LAC_OC.nc
, A2020158163500, 0, 46541, 0
https://oceandata.sci.gsfc.nasa.gov/cmr/getfile/A2020158181000.L2_LAC_OC.nc
, A2020158181000, 0, 10240, 0
https://oceandata.sci.gsfc.nasa.gov/cmr/getfile/A2020158181500.L2_LAC_OC.nc
, A2020158181500, 0, 37068, 0
https://oceandata.sci.gsfc.nasa.gov/cmr/getfile/A2020159154000.L2_LAC_OC.nc
, A2020159154000, 0, 0, NA
https://oceandata.sci.gsfc.nasa.gov/cmr/getfile/A2020159171500.L2_LAC_OC.nc
, A2020159171500, 311, 75751, 0.410555636229225
https://oceandata.sci.gsfc.nasa.gov/cmr/getfile/A2020159172000.L2_LAC_OC.nc
, A2020159172000, 0, 67471, 0
https://oceandata.sci.gsfc.nasa.gov/cmr/getfile/A2020160162000.L2_LAC_OC.nc
, A2020160162000, 2116, 6254, 33.8343460185481
https://oceandata.sci.gsfc.nasa.gov/cmr/getfile/A2020160162500.L2_LAC_OC.nc
, A2020160162500, 24, 12999, 0.184629586891299
https://oceandata.sci.gsfc.nasa.gov/cmr/getfile/A2020160180000.L2_LAC_OC.nc
, A2020160180000, 14556, 70927, 20.5225090586096
https://oceandata.sci.gsfc.nasa.gov/cmr/getfile/A2020161153000.L2_LAC_OC.nc
, A2020161153000, 0, 0, NA
https://oceandata.sci.gsfc.nasa.gov/cmr/getfile/A2020161170500.L2_LAC_OC.nc
, A2020161170500, 6113, 115751, 5.28116387763389
https://oceandata.sci.gsfc.nasa.gov/cmr/getfile/A2020162161000.L2_LAC_OC.nc
, A2020162161000, 18, 909, 1.98019801980198
https://oceandata.sci.gsfc.nasa.gov/cmr/getfile/A2020162175000.L2_LAC_OC.nc
, A2020162175000, 3838, 102797, 3.73357199140053
https://oceandata.sci.gsfc.nasa.gov/cmr/getfile/A2020163165000.L2_LAC_OC.nc
, A2020163165000, 0, 0, NA
https://oceandata.sci.gsfc.nasa.gov/cmr/getfile/A2020163165500.L2_LAC_OC.nc
, A2020163165500, 3083, 82953, 3.71656239075139
https://oceandata.sci.gsfc.nasa.gov/cmr/getfile/A2020163183000.L2_LAC_OC.nc
, A2020163183000, 0, 6246, 0
https://oceandata.sci.gsfc.nasa.gov/cmr/getfile/A2020163183500.L2_LAC_OC.nc
, A2020163183500, 0, 0, NA
https://oceandata.sci.gsfc.nasa.gov/cmr/getfile/A2020164160000.L2_LAC_OC.nc
, A2020164160000, 0, 0, NA
https://oceandata.sci.gsfc.nasa.gov/cmr/getfile/A2020164173500.L2_LAC_OC.nc
, A2020164173500, 1163, 135211, 0.860137119021381
https://oceandata.sci.gsfc.nasa.gov/cmr/getfile/A2020165164000.L2_LAC_OC.nc
, A2020165164000, 6550, 57132, 11.4646782888749
https://oceandata.sci.gsfc.nasa.gov/cmr/getfile/A2020165182000.L2_LAC_OC.nc
, A2020165182000, 10279, 30897, 33.2686021296566
https://oceandata.sci.gsfc.nasa.gov/cmr/getfile/A2020166172500.L2_LAC_OC.nc
, A2020166172500, 735, 148312, 0.495576891957495
https://oceandata.sci.gsfc.nasa.gov/cmr/getfile/A2020167162500.L2_LAC_OC.nc
, A2020167162500, 0, 0, NA
https://oceandata.sci.gsfc.nasa.gov/cmr/getfile/A2020167163000.L2_LAC_OC.nc
, A2020167163000, 596, 32706, 1.82229560325323
https://oceandata.sci.gsfc.nasa.gov/cmr/getfile/A2020167180500.L2_LAC_OC.nc
, A2020167180500, 13877, 58207, 23.8407751644991
https://oceandata.sci.gsfc.nasa.gov/cmr/getfile/A2020167181000.L2_LAC_OC.nc
, A2020167181000, 0, 0, NA
https://oceandata.sci.gsfc.nasa.gov/cmr/getfile/A2020168153500.L2_LAC_OC.nc
, A2020168153500, 0, 0, NA
https://oceandata.sci.gsfc.nasa.gov/cmr/getfile/A2020168171000.L2_LAC_OC.nc
, A2020168171000, 46635, 131410, 35.4881668061791
https://oceandata.sci.gsfc.nasa.gov/cmr/getfile/A2020168171500.L2_LAC_OC.nc
, A2020168171500, 0, 0, NA
https://oceandata.sci.gsfc.nasa.gov/cmr/getfile/A2020169161500.L2_LAC_OC.nc
, A2020169161500, 1782, 8148, 21.8703976435935
https://oceandata.sci.gsfc.nasa.gov/cmr/getfile/A2020169175500.L2_LAC_OC.nc
, A2020169175500, 34468, 85989, 40.0841968158718
https://oceandata.sci.gsfc.nasa.gov/cmr/getfile/A2020170170000.L2_LAC_OC.nc
, A2020170170000, 35702, 98878, 36.1071219078056
https://oceandata.sci.gsfc.nasa.gov/cmr/getfile/A2020170183500.L2_LAC_OC.nc
, A2020170183500, 0, 0, NA
https://oceandata.sci.gsfc.nasa.gov/cmr/getfile/A2020171160500.L2_LAC_OC.nc
, A2020171160500, 0, 0, NA
https://oceandata.sci.gsfc.nasa.gov/cmr/getfile/A2020171174000.L2_LAC_OC.nc
, A2020171174000, 35021, 120021, 29.1790603311087
https://oceandata.sci.gsfc.nasa.gov/cmr/getfile/A2020171174500.L2_LAC_OC.nc
, A2020171174500, 0, 0, NA
https://oceandata.sci.gsfc.nasa.gov/cmr/getfile/A2020172164500.L2_LAC_OC.nc
, A2020172164500, 27546, 68628, 40.1381360377688
https://oceandata.sci.gsfc.nasa.gov/cmr/getfile/A2020172165000.L2_LAC_OC.nc
, A2020172165000, 0, 297, 0
https://oceandata.sci.gsfc.nasa.gov/cmr/getfile/A2020172182500.L2_LAC_OC.nc
, A2020172182500, 8278, 17429, 47.4955533880314
https://oceandata.sci.gsfc.nasa.gov/cmr/getfile/A2020173173000.L2_LAC_OC.nc
, A2020173173000, 13288, 145400, 9.13892709766162
https://oceandata.sci.gsfc.nasa.gov/cmr/getfile/A2020174163500.L2_LAC_OC.nc
, A2020174163500, 2816, 46571, 6.04668141117863
https://oceandata.sci.gsfc.nasa.gov/cmr/getfile/A2020174181000.L2_LAC_OC.nc
, A2020174181000, 83, 11605, 0.715208961654459
https://oceandata.sci.gsfc.nasa.gov/cmr/getfile/A2020174181500.L2_LAC_OC.nc
, A2020174181500, 2083, 35810, 5.81681094666294
https://oceandata.sci.gsfc.nasa.gov/cmr/getfile/A2020175154000.L2_LAC_OC.nc
, A2020175154000, 0, 0, NA
https://oceandata.sci.gsfc.nasa.gov/cmr/getfile/A2020175171500.L2_LAC_OC.nc
, A2020175171500, 3050, 80259, 3.80019686265715
https://oceandata.sci.gsfc.nasa.gov/cmr/getfile/A2020175172000.L2_LAC_OC.nc
, A2020175172000, 3097, 62875, 4.92564612326044
https://oceandata.sci.gsfc.nasa.gov/cmr/getfile/A2020176162000.L2_LAC_OC.nc
, A2020176162000, 1278, 6887, 18.5567010309278
https://oceandata.sci.gsfc.nasa.gov/cmr/getfile/A2020176162500.L2_LAC_OC.nc
, A2020176162500, 996, 12445, 8.00321414222579
https://oceandata.sci.gsfc.nasa.gov/cmr/getfile/A2020176180000.L2_LAC_OC.nc
, A2020176180000, 4534, 71002, 6.38573561308132
https://oceandata.sci.gsfc.nasa.gov/cmr/getfile/A2020177153000.L2_LAC_OC.nc
, A2020177153000, 0, 0, NA
https://oceandata.sci.gsfc.nasa.gov/cmr/getfile/A2020177170500.L2_LAC_OC.nc
, A2020177170500, 19693, 115627, 17.0314891850519
https://oceandata.sci.gsfc.nasa.gov/cmr/getfile/A2020178161000.L2_LAC_OC.nc
, A2020178161000, 0, 935, 0
https://oceandata.sci.gsfc.nasa.gov/cmr/getfile/A2020178175000.L2_LAC_OC.nc
, A2020178175000, 16341, 102840, 15.889731621937
https://oceandata.sci.gsfc.nasa.gov/cmr/getfile/A2020179165000.L2_LAC_OC.nc
, A2020179165000, 0, 108, 0
https://oceandata.sci.gsfc.nasa.gov/cmr/getfile/A2020179165500.L2_LAC_OC.nc
, A2020179165500, 927, 82751, 1.12022815434255
https://oceandata.sci.gsfc.nasa.gov/cmr/getfile/A2020179183000.L2_LAC_OC.nc
, A2020179183000, 0, 6391, 0
https://oceandata.sci.gsfc.nasa.gov/cmr/getfile/A2020179183500.L2_LAC_OC.nc
, A2020179183500, 0, 0, NA
https://oceandata.sci.gsfc.nasa.gov/cmr/getfile/A2020180160000.L2_LAC_OC.nc
, A2020180160000, 0, 0, NA
https://oceandata.sci.gsfc.nasa.gov/cmr/getfile/A2020180173500.L2_LAC_OC.nc
, A2020180173500, 7319, 135206, 5.41322130674674
https://oceandata.sci.gsfc.nasa.gov/cmr/getfile/A2020181164000.L2_LAC_OC.nc
, A2020181164000, 3, 57093, 0.00525458462508539
https://oceandata.sci.gsfc.nasa.gov/cmr/getfile/A2020181182000.L2_LAC_OC.nc
, A2020181182000, 0, 31138, 0
https://oceandata.sci.gsfc.nasa.gov/cmr/getfile/A2020182172500.L2_LAC_OC.nc
, A2020182172500, 2736, 148182, 1.84637810260356
https://oceandata.sci.gsfc.nasa.gov/cmr/getfile/A2020183162500.L2_LAC_OC.nc
, A2020183162500, 0, 0, NA
https://oceandata.sci.gsfc.nasa.gov/cmr/getfile/A2020183163000.L2_LAC_OC.nc
, A2020183163000, 283, 32778, 0.863383977057783
https://oceandata.sci.gsfc.nasa.gov/cmr/getfile/A2020183180500.L2_LAC_OC.nc
, A2020183180500, 925, 58334, 1.58569616347242
https://oceandata.sci.gsfc.nasa.gov/cmr/getfile/A2020183181000.L2_LAC_OC.nc
, A2020183181000, 0, 0, NA
https://oceandata.sci.gsfc.nasa.gov/cmr/getfile/A2020184153500.L2_LAC_OC.nc
, A2020184153500, 0, 0, NA
https://oceandata.sci.gsfc.nasa.gov/cmr/getfile/A2020184171000.L2_LAC_OC.nc
, A2020184171000, 4831, 131208, 3.6819401256021
https://oceandata.sci.gsfc.nasa.gov/cmr/getfile/A2020184171500.L2_LAC_OC.nc
, A2020184171500, 0, 0, NA
https://oceandata.sci.gsfc.nasa.gov/cmr/getfile/A2020185161500.L2_LAC_OC.nc
, A2020185161500, 861, 8213, 10.4833800073055
https://oceandata.sci.gsfc.nasa.gov/cmr/getfile/A2020185175500.L2_LAC_OC.nc
, A2020185175500, 14259, 86105, 16.5600139364729
https://oceandata.sci.gsfc.nasa.gov/cmr/getfile/A2020186170000.L2_LAC_OC.nc
, A2020186170000, 11021, 98729, 11.1628802074365
https://oceandata.sci.gsfc.nasa.gov/cmr/getfile/A2020186183500.L2_LAC_OC.nc
, A2020186183500, 0, 0, NA
https://oceandata.sci.gsfc.nasa.gov/cmr/getfile/A2020187160500.L2_LAC_OC.nc
, A2020187160500, 0, 0, NA
https://oceandata.sci.gsfc.nasa.gov/cmr/getfile/A2020187174000.L2_LAC_OC.nc
, A2020187174000, 304, 120076, 0.253172990439388
https://oceandata.sci.gsfc.nasa.gov/cmr/getfile/A2020187174500.L2_LAC_OC.nc
, A2020187174500, 0, 0, NA
https://oceandata.sci.gsfc.nasa.gov/cmr/getfile/A2020188164500.L2_LAC_OC.nc
, A2020188164500, 3884, 68822, 5.64354421551248
https://oceandata.sci.gsfc.nasa.gov/cmr/getfile/A2020188165000.L2_LAC_OC.nc
, A2020188165000, 0, 26, 0
https://oceandata.sci.gsfc.nasa.gov/cmr/getfile/A2020188182500.L2_LAC_OC.nc
, A2020188182500, 4070, 17641, 23.0712544640327
https://oceandata.sci.gsfc.nasa.gov/cmr/getfile/A2020189173000.L2_LAC_OC.nc
, A2020189173000, 42580, 145341, 29.2966196737328
https://oceandata.sci.gsfc.nasa.gov/cmr/getfile/A2020190163500.L2_LAC_OC.nc
, A2020190163500, 127, 46560, 0.272766323024055
https://oceandata.sci.gsfc.nasa.gov/cmr/getfile/A2020190181000.L2_LAC_OC.nc
, A2020190181000, 79, 14021, 0.563440553455531
https://oceandata.sci.gsfc.nasa.gov/cmr/getfile/A2020190181500.L2_LAC_OC.nc
, A2020190181500, 0, 33595, 0
https://oceandata.sci.gsfc.nasa.gov/cmr/getfile/A2020191154000.L2_LAC_OC.nc
, A2020191154000, 0, 0, NA
https://oceandata.sci.gsfc.nasa.gov/cmr/getfile/A2020191171500.L2_LAC_OC.nc
, A2020191171500, 4653, 87021, 5.34698521046644
https://oceandata.sci.gsfc.nasa.gov/cmr/getfile/A2020191172000.L2_LAC_OC.nc
, A2020191172000, 3126, 55930, 5.58912926872877
https://oceandata.sci.gsfc.nasa.gov/cmr/getfile/A2020192162000.L2_LAC_OC.nc
, A2020192162000, 1446, 7639, 18.9291792119387
https://oceandata.sci.gsfc.nasa.gov/cmr/getfile/A2020192162500.L2_LAC_OC.nc
, A2020192162500, 761, 11754, 6.47439169644376
https://oceandata.sci.gsfc.nasa.gov/cmr/getfile/A2020192180000.L2_LAC_OC.nc
, A2020192180000, 2622, 71099, 3.68781558109115
https://oceandata.sci.gsfc.nasa.gov/cmr/getfile/A2020193170500.L2_LAC_OC.nc
, A2020193170500, 693, 115518, 0.599906508076663
https://oceandata.sci.gsfc.nasa.gov/cmr/getfile/A2020194161000.L2_LAC_OC.nc
, A2020194161000, 86, 979, 8.78447395301328
https://oceandata.sci.gsfc.nasa.gov/cmr/getfile/A2020194174500.L2_LAC_OC.nc
, A2020194174500, 0, 0, NA
https://oceandata.sci.gsfc.nasa.gov/cmr/getfile/A2020194175000.L2_LAC_OC.nc
, A2020194175000, 13071, 102901, 12.7025004616087
https://oceandata.sci.gsfc.nasa.gov/cmr/getfile/A2020195165000.L2_LAC_OC.nc
, A2020195165000, 99, 268, 36.9402985074627
https://oceandata.sci.gsfc.nasa.gov/cmr/getfile/A2020195165500.L2_LAC_OC.nc
, A2020195165500, 6075, 82575, 7.35694822888283
https://oceandata.sci.gsfc.nasa.gov/cmr/getfile/A2020195183000.L2_LAC_OC.nc
, A2020195183000, 0, 6540, 0
https://oceandata.sci.gsfc.nasa.gov/cmr/getfile/A2020195183500.L2_LAC_OC.nc
, A2020195183500, 0, 0, NA
https://oceandata.sci.gsfc.nasa.gov/cmr/getfile/A2020196160000.L2_LAC_OC.nc
, A2020196160000, 0, 0, NA
https://oceandata.sci.gsfc.nasa.gov/cmr/getfile/A2020196173500.L2_LAC_OC.nc
, A2020196173500, 43, 135142, 0.0318183836261118
https://oceandata.sci.gsfc.nasa.gov/cmr/getfile/A2020197164000.L2_LAC_OC.nc
, A2020197164000, 3428, 57098, 6.00371291463799
https://oceandata.sci.gsfc.nasa.gov/cmr/getfile/A2020197182000.L2_LAC_OC.nc
, A2020197182000, 6752, 31266, 21.5953431842896
https://oceandata.sci.gsfc.nasa.gov/cmr/getfile/A2020198172500.L2_LAC_OC.nc
, A2020198172500, 15937, 148090, 10.7616989668445
https://oceandata.sci.gsfc.nasa.gov/cmr/getfile/A2020199162500.L2_LAC_OC.nc
, A2020199162500, 0, 0, NA
https://oceandata.sci.gsfc.nasa.gov/cmr/getfile/A2020199163000.L2_LAC_OC.nc
, A2020199163000, 1829, 32882, 5.56231372787543
https://oceandata.sci.gsfc.nasa.gov/cmr/getfile/A2020199180500.L2_LAC_OC.nc
, A2020199180500, 1796, 58319, 3.07961384797407
https://oceandata.sci.gsfc.nasa.gov/cmr/getfile/A2020199181000.L2_LAC_OC.nc
, A2020199181000, 0, 0, NA
https://oceandata.sci.gsfc.nasa.gov/cmr/getfile/A2020200153500.L2_LAC_OC.nc
, A2020200153500, 0, 0, NA
https://oceandata.sci.gsfc.nasa.gov/cmr/getfile/A2020200171000.L2_LAC_OC.nc
, A2020200171000, 18313, 131210, 13.9570154713818
https://oceandata.sci.gsfc.nasa.gov/cmr/getfile/A2020200171500.L2_LAC_OC.nc
, A2020200171500, 0, 0, NA
https://oceandata.sci.gsfc.nasa.gov/cmr/getfile/A2020201161500.L2_LAC_OC.nc
, A2020201161500, 18, 8315, 0.216476247745039
https://oceandata.sci.gsfc.nasa.gov/cmr/getfile/A2020201175500.L2_LAC_OC.nc
, A2020201175500, 4056, 86066, 4.71266237538633
https://oceandata.sci.gsfc.nasa.gov/cmr/getfile/A2020202170000.L2_LAC_OC.nc
, A2020202170000, 4146, 98782, 4.1971209329635
https://oceandata.sci.gsfc.nasa.gov/cmr/getfile/A2020202183500.L2_LAC_OC.nc
, A2020202183500, 0, 0, NA
https://oceandata.sci.gsfc.nasa.gov/cmr/getfile/A2020203160500.L2_LAC_OC.nc
, A2020203160500, 0, 0, NA
https://oceandata.sci.gsfc.nasa.gov/cmr/getfile/A2020203174000.L2_LAC_OC.nc
, A2020203174000, 46117, 119944, 38.4487760955112
https://oceandata.sci.gsfc.nasa.gov/cmr/getfile/A2020203174500.L2_LAC_OC.nc
, A2020203174500, 0, 0, NA
https://oceandata.sci.gsfc.nasa.gov/cmr/getfile/A2020204164500.L2_LAC_OC.nc
, A2020204164500, 17725, 68734, 25.787819710769
https://oceandata.sci.gsfc.nasa.gov/cmr/getfile/A2020204165000.L2_LAC_OC.nc
, A2020204165000, 0, 182, 0
https://oceandata.sci.gsfc.nasa.gov/cmr/getfile/A2020204182500.L2_LAC_OC.nc
, A2020204182500, 1765, 17668, 9.98981208965361
https://oceandata.sci.gsfc.nasa.gov/cmr/getfile/A2020205173000.L2_LAC_OC.nc
, A2020205173000, 391, 145259, 0.26917437129541
https://oceandata.sci.gsfc.nasa.gov/cmr/getfile/A2020206163500.L2_LAC_OC.nc
, A2020206163500, 1948, 46658, 4.17506108277251
https://oceandata.sci.gsfc.nasa.gov/cmr/getfile/A2020206181000.L2_LAC_OC.nc
, A2020206181000, 385, 11901, 3.23502226703638
https://oceandata.sci.gsfc.nasa.gov/cmr/getfile/A2020206181500.L2_LAC_OC.nc
, A2020206181500, 707, 35698, 1.98050310941789
https://oceandata.sci.gsfc.nasa.gov/cmr/getfile/A2020207154000.L2_LAC_OC.nc
, A2020207154000, 0, 0, NA
https://oceandata.sci.gsfc.nasa.gov/cmr/getfile/A2020207171500.L2_LAC_OC.nc
, A2020207171500, 33153, 75915, 43.6712112230784
https://oceandata.sci.gsfc.nasa.gov/cmr/getfile/A2020207172000.L2_LAC_OC.nc
, A2020207172000, 9843, 67042, 14.6818412338534
https://oceandata.sci.gsfc.nasa.gov/cmr/getfile/A2020208162000.L2_LAC_OC.nc
, A2020208162000, 0, 6862, 0
https://oceandata.sci.gsfc.nasa.gov/cmr/getfile/A2020208162500.L2_LAC_OC.nc
, A2020208162500, 0, 12637, 0
https://oceandata.sci.gsfc.nasa.gov/cmr/getfile/A2020208180000.L2_LAC_OC.nc
, A2020208180000, 2198, 71055, 3.09337836886919
https://oceandata.sci.gsfc.nasa.gov/cmr/getfile/A2020209153000.L2_LAC_OC.nc
, A2020209153000, 0, 0, NA
https://oceandata.sci.gsfc.nasa.gov/cmr/getfile/A2020209170500.L2_LAC_OC.nc
, A2020209170500, 10785, 115541, 9.33434884586424
https://oceandata.sci.gsfc.nasa.gov/cmr/getfile/A2020210161000.L2_LAC_OC.nc
, A2020210161000, 0, 995, 0
https://oceandata.sci.gsfc.nasa.gov/cmr/getfile/A2020210175000.L2_LAC_OC.nc
, A2020210175000, 36807, 102824, 35.7961176379055
https://oceandata.sci.gsfc.nasa.gov/cmr/getfile/A2020211165000.L2_LAC_OC.nc
, A2020211165000, 1, 14, 7.14285714285714
https://oceandata.sci.gsfc.nasa.gov/cmr/getfile/A2020211165500.L2_LAC_OC.nc
, A2020211165500, 15484, 82888, 18.6806292828878
https://oceandata.sci.gsfc.nasa.gov/cmr/getfile/A2020211183000.L2_LAC_OC.nc
, A2020211183000, 0, 6545, 0
https://oceandata.sci.gsfc.nasa.gov/cmr/getfile/A2020211183500.L2_LAC_OC.nc
, A2020211183500, 0, 0, NA
https://oceandata.sci.gsfc.nasa.gov/cmr/getfile/A2020212160000.L2_LAC_OC.nc
, A2020212160000, 0, 0, NA
https://oceandata.sci.gsfc.nasa.gov/cmr/getfile/A2020212173500.L2_LAC_OC.nc
, A2020212173500, 8083, 135067, 5.98443735331354
https://oceandata.sci.gsfc.nasa.gov/cmr/getfile/A2020213164000.L2_LAC_OC.nc
, A2020213164000, 13256, 57119, 23.2076892102453
https://oceandata.sci.gsfc.nasa.gov/cmr/getfile/A2020213182000.L2_LAC_OC.nc
, A2020213182000, 11232, 31249, 35.9435501936062
https://oceandata.sci.gsfc.nasa.gov/cmr/getfile/A2020214172500.L2_LAC_OC.nc
, A2020214172500, 54708, 148092, 36.9419009804716
https://oceandata.sci.gsfc.nasa.gov/cmr/getfile/A2020215162500.L2_LAC_OC.nc
, A2020215162500, 0, 0, NA
https://oceandata.sci.gsfc.nasa.gov/cmr/getfile/A2020215163000.L2_LAC_OC.nc
, A2020215163000, 10720, 32909, 32.5746756206509
https://oceandata.sci.gsfc.nasa.gov/cmr/getfile/A2020215180500.L2_LAC_OC.nc
, A2020215180500, 17787, 58328, 30.4947880949115
https://oceandata.sci.gsfc.nasa.gov/cmr/getfile/A2020215181000.L2_LAC_OC.nc
, A2020215181000, 0, 0, NA
https://oceandata.sci.gsfc.nasa.gov/cmr/getfile/A2020216153500.L2_LAC_OC.nc
, A2020216153500, 0, 0, NA
https://oceandata.sci.gsfc.nasa.gov/cmr/getfile/A2020216171000.L2_LAC_OC.nc
, A2020216171000, 15595, 131210, 11.8855270177578
https://oceandata.sci.gsfc.nasa.gov/cmr/getfile/A2020216171500.L2_LAC_OC.nc
, A2020216171500, 0, 0, NA
https://oceandata.sci.gsfc.nasa.gov/cmr/getfile/A2020217161500.L2_LAC_OC.nc
, A2020217161500, 397, 8322, 4.77048786349435
https://oceandata.sci.gsfc.nasa.gov/cmr/getfile/A2020217175500.L2_LAC_OC.nc
, A2020217175500, 7436, 86041, 8.64239141804489
https://oceandata.sci.gsfc.nasa.gov/cmr/getfile/A2020218170000.L2_LAC_OC.nc
, A2020218170000, 8115, 98794, 8.21406158268721
https://oceandata.sci.gsfc.nasa.gov/cmr/getfile/A2020218183500.L2_LAC_OC.nc
, A2020218183500, 0, 0, NA
https://oceandata.sci.gsfc.nasa.gov/cmr/getfile/A2020219160500.L2_LAC_OC.nc
, A2020219160500, 0, 0, NA
https://oceandata.sci.gsfc.nasa.gov/cmr/getfile/A2020219174000.L2_LAC_OC.nc
, A2020219174000, 45024, 119977, 37.5271927119365
https://oceandata.sci.gsfc.nasa.gov/cmr/getfile/A2020219174500.L2_LAC_OC.nc
, A2020219174500, 0, 0, NA
https://oceandata.sci.gsfc.nasa.gov/cmr/getfile/A2020220164500.L2_LAC_OC.nc
, A2020220164500, 3510, 68632, 5.11423242802191
https://oceandata.sci.gsfc.nasa.gov/cmr/getfile/A2020220165000.L2_LAC_OC.nc
, A2020220165000, 0, 281, 0
https://oceandata.sci.gsfc.nasa.gov/cmr/getfile/A2020220182500.L2_LAC_OC.nc
, A2020220182500, 92, 17641, 0.521512385919166
https://oceandata.sci.gsfc.nasa.gov/cmr/getfile/A2020221173000.L2_LAC_OC.nc
, A2020221173000, 6834, 145265, 4.70450555880632
https://oceandata.sci.gsfc.nasa.gov/cmr/getfile/A2020222163500.L2_LAC_OC.nc
, A2020222163500, 9336, 46656, 20.0102880658436
https://oceandata.sci.gsfc.nasa.gov/cmr/getfile/A2020222181000.L2_LAC_OC.nc
, A2020222181000, 4303, 10864, 39.6078792341679
https://oceandata.sci.gsfc.nasa.gov/cmr/getfile/A2020222181500.L2_LAC_OC.nc
, A2020222181500, 2702, 36707, 7.36099381589343
https://oceandata.sci.gsfc.nasa.gov/cmr/getfile/A2020223154000.L2_LAC_OC.nc
, A2020223154000, 0, 0, NA
https://oceandata.sci.gsfc.nasa.gov/cmr/getfile/A2020223171500.L2_LAC_OC.nc
, A2020223171500, 4692, 72280, 6.49142224681793
https://oceandata.sci.gsfc.nasa.gov/cmr/getfile/A2020223172000.L2_LAC_OC.nc
, A2020223172000, 2865, 70729, 4.05067228435295
https://oceandata.sci.gsfc.nasa.gov/cmr/getfile/A2020224162000.L2_LAC_OC.nc
, A2020224162000, 0, 6330, 0
https://oceandata.sci.gsfc.nasa.gov/cmr/getfile/A2020224162500.L2_LAC_OC.nc
, A2020224162500, 32, 13137, 0.243586815863591
https://oceandata.sci.gsfc.nasa.gov/cmr/getfile/A2020224180000.L2_LAC_OC.nc
, A2020224180000, 2223, 71005, 3.13076543905359
https://oceandata.sci.gsfc.nasa.gov/cmr/getfile/A2020225153000.L2_LAC_OC.nc
, A2020225153000, 0, 0, NA
https://oceandata.sci.gsfc.nasa.gov/cmr/getfile/A2020225170500.L2_LAC_OC.nc
, A2020225170500, 5739, 115607, 4.96423226967225
https://oceandata.sci.gsfc.nasa.gov/cmr/getfile/A2020226161000.L2_LAC_OC.nc
, A2020226161000, 380, 977, 38.8945752302968
https://oceandata.sci.gsfc.nasa.gov/cmr/getfile/A2020226175000.L2_LAC_OC.nc
, A2020226175000, 11581, 102742, 11.2719238480855
https://oceandata.sci.gsfc.nasa.gov/cmr/getfile/A2020227165000.L2_LAC_OC.nc
, A2020227165000, 0, 0, NA
https://oceandata.sci.gsfc.nasa.gov/cmr/getfile/A2020227165500.L2_LAC_OC.nc
, A2020227165500, 11828, 82947, 14.2597080063173
https://oceandata.sci.gsfc.nasa.gov/cmr/getfile/A2020227183000.L2_LAC_OC.nc
, A2020227183000, 23, 6431, 0.357642668325299
https://oceandata.sci.gsfc.nasa.gov/cmr/getfile/A2020227183500.L2_LAC_OC.nc
, A2020227183500, 0, 0, NA
https://oceandata.sci.gsfc.nasa.gov/cmr/getfile/A2020228160000.L2_LAC_OC.nc
, A2020228160000, 0, 0, NA
https://oceandata.sci.gsfc.nasa.gov/cmr/getfile/A2020228173500.L2_LAC_OC.nc
, A2020228173500, 19584, 135046, 14.501725338033
https://oceandata.sci.gsfc.nasa.gov/cmr/getfile/A2020229182000.L2_LAC_OC.nc
, A2020229182000, 3743, 31067, 12.0481539897641
https://oceandata.sci.gsfc.nasa.gov/cmr/getfile/A2020230172500.L2_LAC_OC.nc
, A2020230172500, 11361, 148191, 7.66645747717473
https://oceandata.sci.gsfc.nasa.gov/cmr/getfile/A2020231163000.L2_LAC_OC.nc
, A2020231163000, 6001, NA, NA
https://oceandata.sci.gsfc.nasa.gov/cmr/getfile/A2020231180500.L2_LAC_OC.nc
, A2020231180500, 8178, 58220, 14.0467193404328
https://oceandata.sci.gsfc.nasa.gov/cmr/getfile/A2020231181000.L2_LAC_OC.nc
, A2020231181000, 0, NA, NA
https://oceandata.sci.gsfc.nasa.gov/cmr/getfile/A2020232171000.L2_LAC_OC.nc
, A2020232171000, 40054, 131377, 30.4878327256674
https://oceandata.sci.gsfc.nasa.gov/cmr/getfile/A2020232171500.L2_LAC_OC.nc
, A2020232171500, 0, NA, NA
https://oceandata.sci.gsfc.nasa.gov/cmr/getfile/A2020233175500.L2_LAC_OC.nc
, A2020233175500, 39735, 86005, 46.2008022789373
https://oceandata.sci.gsfc.nasa.gov/cmr/getfile/A2020234170000.L2_LAC_OC.nc
, A2020234170000, 29179, 98876, 29.5107002710466
https://oceandata.sci.gsfc.nasa.gov/cmr/getfile/A2020234183500.L2_LAC_OC.nc
, A2020234183500, 0, 0, NA
https://oceandata.sci.gsfc.nasa.gov/cmr/getfile/A2020235174000.L2_LAC_OC.nc
, A2020235174000, 26154, 119542, 21.878502952937
https://oceandata.sci.gsfc.nasa.gov/cmr/getfile/A2020235174500.L2_LAC_OC.nc
, A2020235174500, 0, 418, 0
https://oceandata.sci.gsfc.nasa.gov/cmr/getfile/A2020236164500.L2_LAC_OC.nc
, A2020236164500, 14758, 67828, 21.7579760570856
https://oceandata.sci.gsfc.nasa.gov/cmr/getfile/A2020236165000.L2_LAC_OC.nc
, A2020236165000, 0, NA, NA
https://oceandata.sci.gsfc.nasa.gov/cmr/getfile/A2020236182500.L2_LAC_OC.nc
, A2020236182500, 788, 17468, 4.51110602244104
https://oceandata.sci.gsfc.nasa.gov/cmr/getfile/A2020237173000.L2_LAC_OC.nc
, A2020237173000, 11953, 145340, 8.22416402917297
https://oceandata.sci.gsfc.nasa.gov/cmr/getfile/A2020238163500.L2_LAC_OC.nc
, A2020238163500, 0, 46613, 0
https://oceandata.sci.gsfc.nasa.gov/cmr/getfile/A2020238181000.L2_LAC_OC.nc
, A2020238181000, 0, 8203, 0
https://oceandata.sci.gsfc.nasa.gov/cmr/getfile/A2020238181500.L2_LAC_OC.nc
, A2020238181500, 70, 39199, 0.178575984081227
https://oceandata.sci.gsfc.nasa.gov/cmr/getfile/A2020239171500.L2_LAC_OC.nc
, A2020239171500, 48339, 65288, 74.0396397500306
https://oceandata.sci.gsfc.nasa.gov/cmr/getfile/A2020239172000.L2_LAC_OC.nc
, A2020239172000, 15257, NA, NA
https://oceandata.sci.gsfc.nasa.gov/cmr/getfile/A2020240162500.L2_LAC_OC.nc
, A2020240162500, 1678, NA, NA
https://oceandata.sci.gsfc.nasa.gov/cmr/getfile/A2020240180000.L2_LAC_OC.nc
, A2020240180000, 17142, 70947, 24.1616981690558
https://oceandata.sci.gsfc.nasa.gov/cmr/getfile/A2020242175000.L2_LAC_OC.nc
, A2020242175000, 3225, 102753, 3.13859449359143
https://oceandata.sci.gsfc.nasa.gov/cmr/getfile/A2020243165000.L2_LAC_OC.nc
, A2020243165000, 0, 0, NA
https://oceandata.sci.gsfc.nasa.gov/cmr/getfile/A2020243165500.L2_LAC_OC.nc
, A2020243165500, 17850, NA, NA
https://oceandata.sci.gsfc.nasa.gov/cmr/getfile/A2020243183000.L2_LAC_OC.nc
, A2020243183000, 1995, 6290, 31.7170111287758
https://oceandata.sci.gsfc.nasa.gov/cmr/getfile/A2020243183500.L2_LAC_OC.nc
, A2020243183500, 0, NA, NA
https://oceandata.sci.gsfc.nasa.gov/cmr/getfile/A2020244173500.L2_LAC_OC.nc
, A2020244173500, 55541, 135126, 41.1031185708154
https://oceandata.sci.gsfc.nasa.gov/cmr/getfile/A2020245182000.L2_LAC_OC.nc
, A2020245182000, 0, NA, NA
https://oceandata.sci.gsfc.nasa.gov/cmr/getfile/A2020247162500.L2_LAC_OC.nc
, A2020247162500, 0, 0, NA
https://oceandata.sci.gsfc.nasa.gov/cmr/getfile/A2020247163000.L2_LAC_OC.nc
, A2020247163000, 93, 32757, 0.283908782855573
https://oceandata.sci.gsfc.nasa.gov/cmr/getfile/A2020247180500.L2_LAC_OC.nc
, A2020247180500, 1177, 58169, 2.02341453351442
https://oceandata.sci.gsfc.nasa.gov/cmr/getfile/A2020247181000.L2_LAC_OC.nc
, A2020247181000, 0, 0, NA
https://oceandata.sci.gsfc.nasa.gov/cmr/getfile/A2020248153500.L2_LAC_OC.nc
, A2020248153500, 0, 0, NA
https://oceandata.sci.gsfc.nasa.gov/cmr/getfile/A2020248171000.L2_LAC_OC.nc
, A2020248171000, 22192, 131461, 16.8810521751698
https://oceandata.sci.gsfc.nasa.gov/cmr/getfile/A2020248171500.L2_LAC_OC.nc
, A2020248171500, 0, 0, NA
https://oceandata.sci.gsfc.nasa.gov/cmr/getfile/A2020249161500.L2_LAC_OC.nc
, A2020249161500, 2945, 8151, 36.1305361305361
https://oceandata.sci.gsfc.nasa.gov/cmr/getfile/A2020249175500.L2_LAC_OC.nc
, A2020249175500, 38767, 85910, 45.1251309509952
https://oceandata.sci.gsfc.nasa.gov/cmr/getfile/A2020250170000.L2_LAC_OC.nc
, A2020250170000, 31530, 98950, 31.8645780697322
https://oceandata.sci.gsfc.nasa.gov/cmr/getfile/A2020250183500.L2_LAC_OC.nc
, A2020250183500, 0, 0, NA
https://oceandata.sci.gsfc.nasa.gov/cmr/getfile/A2020251160500.L2_LAC_OC.nc
, A2020251160500, 0, 0, NA
https://oceandata.sci.gsfc.nasa.gov/cmr/getfile/A2020251174000.L2_LAC_OC.nc
, A2020251174000, 47087, 119821, 39.2977858639137
https://oceandata.sci.gsfc.nasa.gov/cmr/getfile/A2020251174500.L2_LAC_OC.nc
, A2020251174500, 0, 128, 0
https://oceandata.sci.gsfc.nasa.gov/cmr/getfile/A2020252164500.L2_LAC_OC.nc
, A2020252164500, 2701, 68173, 3.96197908262802
https://oceandata.sci.gsfc.nasa.gov/cmr/getfile/A2020252165000.L2_LAC_OC.nc
, A2020252165000, 0, 786, 0
https://oceandata.sci.gsfc.nasa.gov/cmr/getfile/A2020252182500.L2_LAC_OC.nc
, A2020252182500, 1302, 17328, 7.51385041551247
https://oceandata.sci.gsfc.nasa.gov/cmr/getfile/A2020253173000.L2_LAC_OC.nc
, A2020253173000, 11019, 145443, 7.57616385800623
https://oceandata.sci.gsfc.nasa.gov/cmr/getfile/A2020254163500.L2_LAC_OC.nc
, A2020254163500, 0, 46522, 0
https://oceandata.sci.gsfc.nasa.gov/cmr/getfile/A2020254181000.L2_LAC_OC.nc
, A2020254181000, 0, 9567, 0
https://oceandata.sci.gsfc.nasa.gov/cmr/getfile/A2020254181500.L2_LAC_OC.nc
, A2020254181500, 0, 37808, 0
https://oceandata.sci.gsfc.nasa.gov/cmr/getfile/A2020255154000.L2_LAC_OC.nc
, A2020255154000, 0, 0, NA
https://oceandata.sci.gsfc.nasa.gov/cmr/getfile/A2020255171500.L2_LAC_OC.nc
, A2020255171500, 6317, 69610, 9.07484556816549
https://oceandata.sci.gsfc.nasa.gov/cmr/getfile/A2020255172000.L2_LAC_OC.nc
, A2020255172000, 1125, 73622, 1.52807584689359
https://oceandata.sci.gsfc.nasa.gov/cmr/getfile/A2020256162000.L2_LAC_OC.nc
, A2020256162000, 5028, 6036, 83.3001988071571
https://oceandata.sci.gsfc.nasa.gov/cmr/getfile/A2020256162500.L2_LAC_OC.nc
, A2020256162500, 2111, 13160, 16.0410334346505
https://oceandata.sci.gsfc.nasa.gov/cmr/getfile/A2020256180000.L2_LAC_OC.nc
, A2020256180000, 28991, 70975, 40.846777034167
https://oceandata.sci.gsfc.nasa.gov/cmr/getfile/A2020257153000.L2_LAC_OC.nc
, A2020257153000, 0, 0, NA
https://oceandata.sci.gsfc.nasa.gov/cmr/getfile/A2020257170500.L2_LAC_OC.nc
, A2020257170500, 29337, 115739, 25.3475492271404
https://oceandata.sci.gsfc.nasa.gov/cmr/getfile/A2020258161000.L2_LAC_OC.nc
, A2020258161000, 0, 900, 0
https://oceandata.sci.gsfc.nasa.gov/cmr/getfile/A2020258175000.L2_LAC_OC.nc
, A2020258175000, 2676, 102806, 2.60296091667801
https://oceandata.sci.gsfc.nasa.gov/cmr/getfile/A2020259165000.L2_LAC_OC.nc
, A2020259165000, 0, 0, NA
https://oceandata.sci.gsfc.nasa.gov/cmr/getfile/A2020259165500.L2_LAC_OC.nc
, A2020259165500, 0, 82939, 0
https://oceandata.sci.gsfc.nasa.gov/cmr/getfile/A2020259183000.L2_LAC_OC.nc
, A2020259183000, 0, 6230, 0
https://oceandata.sci.gsfc.nasa.gov/cmr/getfile/A2020259183500.L2_LAC_OC.nc
, A2020259183500, 0, 0, NA
https://oceandata.sci.gsfc.nasa.gov/cmr/getfile/A2020260160000.L2_LAC_OC.nc
, A2020260160000, 0, 0, NA
https://oceandata.sci.gsfc.nasa.gov/cmr/getfile/A2020260173500.L2_LAC_OC.nc
, A2020260173500, 14783, 135205, 10.9337672423357
https://oceandata.sci.gsfc.nasa.gov/cmr/getfile/A2020261164000.L2_LAC_OC.nc
, A2020261164000, 0, 57076, 0
https://oceandata.sci.gsfc.nasa.gov/cmr/getfile/A2020261182000.L2_LAC_OC.nc
, A2020261182000, 0, 30898, 0
https://oceandata.sci.gsfc.nasa.gov/cmr/getfile/A2020262172500.L2_LAC_OC.nc
, A2020262172500, 0, 148381, 0
https://oceandata.sci.gsfc.nasa.gov/cmr/getfile/A2020263162500.L2_LAC_OC.nc
, A2020263162500, 0, 0, NA
https://oceandata.sci.gsfc.nasa.gov/cmr/getfile/A2020263163000.L2_LAC_OC.nc
, A2020263163000, 10631, 32607, 32.6034287116263
https://oceandata.sci.gsfc.nasa.gov/cmr/getfile/A2020263180500.L2_LAC_OC.nc
, A2020263180500, 23292, 58207, 40.0158056591132
https://oceandata.sci.gsfc.nasa.gov/cmr/getfile/A2020263181000.L2_LAC_OC.nc
, A2020263181000, 0, 0, NA
https://oceandata.sci.gsfc.nasa.gov/cmr/getfile/A2020264153500.L2_LAC_OC.nc
, A2020264153500, 0, 0, NA
https://oceandata.sci.gsfc.nasa.gov/cmr/getfile/A2020264171000.L2_LAC_OC.nc
, A2020264171000, 49162, 131478, 37.391806994326
https://oceandata.sci.gsfc.nasa.gov/cmr/getfile/A2020264171500.L2_LAC_OC.nc
, A2020264171500, 0, 0, NA
https://oceandata.sci.gsfc.nasa.gov/cmr/getfile/A2020265161500.L2_LAC_OC.nc
, A2020265161500, 801, 8050, 9.95031055900621
https://oceandata.sci.gsfc.nasa.gov/cmr/getfile/A2020265175500.L2_LAC_OC.nc
, A2020265175500, 29135, 85975, 33.8877580692062
https://oceandata.sci.gsfc.nasa.gov/cmr/getfile/A2020266170000.L2_LAC_OC.nc
, A2020266170000, 0, 98896, 0
https://oceandata.sci.gsfc.nasa.gov/cmr/getfile/A2020266183500.L2_LAC_OC.nc
, A2020266183500, 0, 0, NA
https://oceandata.sci.gsfc.nasa.gov/cmr/getfile/A2020267160500.L2_LAC_OC.nc
, A2020267160500, 0, 0, NA
https://oceandata.sci.gsfc.nasa.gov/cmr/getfile/A2020267174000.L2_LAC_OC.nc
, A2020267174000, 2056, 119992, 1.71344756317088
https://oceandata.sci.gsfc.nasa.gov/cmr/getfile/A2020267174500.L2_LAC_OC.nc
, A2020267174500, 0, 0, NA
https://oceandata.sci.gsfc.nasa.gov/cmr/getfile/A2020268164500.L2_LAC_OC.nc
, A2020268164500, 21064, 68632, 30.6912227532346
https://oceandata.sci.gsfc.nasa.gov/cmr/getfile/A2020268165000.L2_LAC_OC.nc
, A2020268165000, 0, 304, 0
https://oceandata.sci.gsfc.nasa.gov/cmr/getfile/A2020268182500.L2_LAC_OC.nc
, A2020268182500, 588, 17287, 3.40139989587551
https://oceandata.sci.gsfc.nasa.gov/cmr/getfile/A2020269173000.L2_LAC_OC.nc
, A2020269173000, 66604, 145466, 45.7866443017612
https://oceandata.sci.gsfc.nasa.gov/cmr/getfile/A2020270163500.L2_LAC_OC.nc
, A2020270163500, 3, 46528, 0.00644773039889959
https://oceandata.sci.gsfc.nasa.gov/cmr/getfile/A2020270181000.L2_LAC_OC.nc
, A2020270181000, 0, 11600, 0
https://oceandata.sci.gsfc.nasa.gov/cmr/getfile/A2020270181500.L2_LAC_OC.nc
, A2020270181500, 0, 35667, 0
https://oceandata.sci.gsfc.nasa.gov/cmr/getfile/A2020271154000.L2_LAC_OC.nc
, A2020271154000, 0, 0, NA
https://oceandata.sci.gsfc.nasa.gov/cmr/getfile/A2020271171500.L2_LAC_OC.nc
, A2020271171500, 2140, 76506, 2.79716623532795
https://oceandata.sci.gsfc.nasa.gov/cmr/getfile/A2020271172000.L2_LAC_OC.nc
, A2020271172000, 636, 66774, 0.952466528888489
https://oceandata.sci.gsfc.nasa.gov/cmr/getfile/A2020272162000.L2_LAC_OC.nc
, A2020272162000, 30, 6976, 0.430045871559633
https://oceandata.sci.gsfc.nasa.gov/cmr/getfile/A2020272162500.L2_LAC_OC.nc
, A2020272162500, 0, 12259, 0
https://oceandata.sci.gsfc.nasa.gov/cmr/getfile/A2020272180000.L2_LAC_OC.nc
, A2020272180000, 8154, 70912, 11.4987590252708
https://oceandata.sci.gsfc.nasa.gov/cmr/getfile/A2020273153000.L2_LAC_OC.nc
, A2020273153000, 0, 0, NA
https://oceandata.sci.gsfc.nasa.gov/cmr/getfile/A2020273170500.L2_LAC_OC.nc
, A2020273170500, 13638, 115797, 11.7775071893054
https://oceandata.sci.gsfc.nasa.gov/cmr/getfile/A2020274161000.L2_LAC_OC.nc
, A2020274161000, 0, 898, 0
https://oceandata.sci.gsfc.nasa.gov/cmr/getfile/A2020274175000.L2_LAC_OC.nc
, A2020274175000, 213, 102725, 0.207349720126551
https://oceandata.sci.gsfc.nasa.gov/cmr/getfile/A2020275165000.L2_LAC_OC.nc
, A2020275165000, 65, 229, 28.3842794759825
https://oceandata.sci.gsfc.nasa.gov/cmr/getfile/A2020275165500.L2_LAC_OC.nc
, A2020275165500, 22940, 82782, 27.7113382136213
https://oceandata.sci.gsfc.nasa.gov/cmr/getfile/A2020275183000.L2_LAC_OC.nc
, A2020275183000, 2103, 6187, 33.9906255050913
https://oceandata.sci.gsfc.nasa.gov/cmr/getfile/A2020275183500.L2_LAC_OC.nc
, A2020275183500, 0, 0, NA
https://oceandata.sci.gsfc.nasa.gov/cmr/getfile/A2020276160000.L2_LAC_OC.nc
, A2020276160000, 0, 0, NA
https://oceandata.sci.gsfc.nasa.gov/cmr/getfile/A2020276173500.L2_LAC_OC.nc
, A2020276173500, 7225, 135169, 5.345160502778
https://oceandata.sci.gsfc.nasa.gov/cmr/getfile/A2020277164000.L2_LAC_OC.nc
, A2020277164000, 9123, 57154, 15.9621373832103
https://oceandata.sci.gsfc.nasa.gov/cmr/getfile/A2020277182000.L2_LAC_OC.nc
, A2020277182000, 10025, 30809, 32.5391930929274
https://oceandata.sci.gsfc.nasa.gov/cmr/getfile/A2020278172500.L2_LAC_OC.nc
, A2020278172500, 44132, 148334, 29.7517763965106
https://oceandata.sci.gsfc.nasa.gov/cmr/getfile/A2020279162500.L2_LAC_OC.nc
, A2020279162500, 0, 0, NA
https://oceandata.sci.gsfc.nasa.gov/cmr/getfile/A2020279163000.L2_LAC_OC.nc
, A2020279163000, 1223, 32712, 3.73868916605527
https://oceandata.sci.gsfc.nasa.gov/cmr/getfile/A2020279180500.L2_LAC_OC.nc
, A2020279180500, 9935, 58171, 17.0789568685427
https://oceandata.sci.gsfc.nasa.gov/cmr/getfile/A2020279181000.L2_LAC_OC.nc
, A2020279181000, 0, 0, NA
https://oceandata.sci.gsfc.nasa.gov/cmr/getfile/A2020280153500.L2_LAC_OC.nc
, A2020280153500, 0, 0, NA
https://oceandata.sci.gsfc.nasa.gov/cmr/getfile/A2020280171000.L2_LAC_OC.nc
, A2020280171000, 47579, 131500, 36.1817490494297
https://oceandata.sci.gsfc.nasa.gov/cmr/getfile/A2020280171500.L2_LAC_OC.nc
, A2020280171500, 0, 0, NA
https://oceandata.sci.gsfc.nasa.gov/cmr/getfile/A2020281161500.L2_LAC_OC.nc
, A2020281161500, 0, 8135, 0
https://oceandata.sci.gsfc.nasa.gov/cmr/getfile/A2020281175500.L2_LAC_OC.nc
, A2020281175500, 1150, 85911, 1.33859459207785
https://oceandata.sci.gsfc.nasa.gov/cmr/getfile/A2020282170000.L2_LAC_OC.nc
, A2020282170000, 17965, 98934, 18.158570360038
https://oceandata.sci.gsfc.nasa.gov/cmr/getfile/A2020282183500.L2_LAC_OC.nc
, A2020282183500, 0, 0, NA
https://oceandata.sci.gsfc.nasa.gov/cmr/getfile/A2020283160500.L2_LAC_OC.nc
, A2020283160500, 0, 0, NA
https://oceandata.sci.gsfc.nasa.gov/cmr/getfile/A2020283174000.L2_LAC_OC.nc
, A2020283174000, 50878, 119927, 42.4241413526562
https://oceandata.sci.gsfc.nasa.gov/cmr/getfile/A2020283174500.L2_LAC_OC.nc
, A2020283174500, 0, 0, NA
https://oceandata.sci.gsfc.nasa.gov/cmr/getfile/A2020284164500.L2_LAC_OC.nc
, A2020284164500, 503, 68944, 0.729577628220005
https://oceandata.sci.gsfc.nasa.gov/cmr/getfile/A2020284165000.L2_LAC_OC.nc
, A2020284165000, 0, 0, NA
https://oceandata.sci.gsfc.nasa.gov/cmr/getfile/A2020284182500.L2_LAC_OC.nc
, A2020284182500, 0, 17354, 0
https://oceandata.sci.gsfc.nasa.gov/cmr/getfile/A2020285173000.L2_LAC_OC.nc
, A2020285173000, 56203, 145438, 38.643958250251
https://oceandata.sci.gsfc.nasa.gov/cmr/getfile/A2020286163500.L2_LAC_OC.nc
, A2020286163500, 2167, 46578, 4.65241100948946
https://oceandata.sci.gsfc.nasa.gov/cmr/getfile/A2020286181000.L2_LAC_OC.nc
, A2020286181000, 113, 17477, 0.646564055615952
https://oceandata.sci.gsfc.nasa.gov/cmr/getfile/A2020286181500.L2_LAC_OC.nc
, A2020286181500, 1484, 29895, 4.96404080949992
https://oceandata.sci.gsfc.nasa.gov/cmr/getfile/A2020287154000.L2_LAC_OC.nc
, A2020287154000, 0, 0, NA
https://oceandata.sci.gsfc.nasa.gov/cmr/getfile/A2020287171500.L2_LAC_OC.nc
, A2020287171500, 11209, NA, NA
https://oceandata.sci.gsfc.nasa.gov/cmr/getfile/A2020287172000.L2_LAC_OC.nc
, A2020287172000, 4074, 48238, 8.44562378208052
https://oceandata.sci.gsfc.nasa.gov/cmr/getfile/A2020288162000.L2_LAC_OC.nc
, A2020288162000, 0, 9533, 0
https://oceandata.sci.gsfc.nasa.gov/cmr/getfile/A2020288162500.L2_LAC_OC.nc
, A2020288162500, 0, 9781, 0
https://oceandata.sci.gsfc.nasa.gov/cmr/getfile/A2020288180000.L2_LAC_OC.nc
, A2020288180000, 15436, 70946, 21.7573929467482
https://oceandata.sci.gsfc.nasa.gov/cmr/getfile/A2020289170500.L2_LAC_OC.nc
, A2020289170500, 41573, 115657, 35.9450789835462
https://oceandata.sci.gsfc.nasa.gov/cmr/getfile/A2020290161000.L2_LAC_OC.nc
, A2020290161000, 394, 929, 42.4111948331539
https://oceandata.sci.gsfc.nasa.gov/cmr/getfile/A2020290174500.L2_LAC_OC.nc
, A2020290174500, 9, 9, 100
https://oceandata.sci.gsfc.nasa.gov/cmr/getfile/A2020290175000.L2_LAC_OC.nc
, A2020290175000, 34343, 102765, 33.4189656011288
https://oceandata.sci.gsfc.nasa.gov/cmr/getfile/A2020291165000.L2_LAC_OC.nc
, A2020291165000, 0, 4677, 0
https://oceandata.sci.gsfc.nasa.gov/cmr/getfile/A2020291165500.L2_LAC_OC.nc
, A2020291165500, 175, 78276, 0.2235678879861
https://oceandata.sci.gsfc.nasa.gov/cmr/getfile/A2020291183000.L2_LAC_OC.nc
, A2020291183000, 0, 6330, 0
https://oceandata.sci.gsfc.nasa.gov/cmr/getfile/A2020291183500.L2_LAC_OC.nc
, A2020291183500, 0, 0, NA
https://oceandata.sci.gsfc.nasa.gov/cmr/getfile/A2020292160000.L2_LAC_OC.nc
, A2020292160000, 0, 0, NA
https://oceandata.sci.gsfc.nasa.gov/cmr/getfile/A2020292173500.L2_LAC_OC.nc
, A2020292173500, 51105, 135165, 37.8093441349462
https://oceandata.sci.gsfc.nasa.gov/cmr/getfile/A2020293150500.L2_LAC_OC.nc
, A2020293150500, 0, 0, NA
https://oceandata.sci.gsfc.nasa.gov/cmr/getfile/A2020293164000.L2_LAC_OC.nc
, A2020293164000, 33, 57097, 0.057796381596231
https://oceandata.sci.gsfc.nasa.gov/cmr/getfile/A2020293182000.L2_LAC_OC.nc
, A2020293182000, 1342, 31064, 4.32011331444759
https://oceandata.sci.gsfc.nasa.gov/cmr/getfile/A2020294172500.L2_LAC_OC.nc
, A2020294172500, 31, 148234, 0.0209128809854689
https://oceandata.sci.gsfc.nasa.gov/cmr/getfile/A2020295162500.L2_LAC_OC.nc
, A2020295162500, 0, 0, NA
https://oceandata.sci.gsfc.nasa.gov/cmr/getfile/A2020295163000.L2_LAC_OC.nc
, A2020295163000, 206, 32749, 0.629026840514214
https://oceandata.sci.gsfc.nasa.gov/cmr/getfile/A2020295180500.L2_LAC_OC.nc
, A2020295180500, 1069, 58279, 1.83427992930558
https://oceandata.sci.gsfc.nasa.gov/cmr/getfile/A2020295181000.L2_LAC_OC.nc
, A2020295181000, 0, 0, NA
https://oceandata.sci.gsfc.nasa.gov/cmr/getfile/A2020296153500.L2_LAC_OC.nc
, A2020296153500, 0, 0, NA
https://oceandata.sci.gsfc.nasa.gov/cmr/getfile/A2020296171000.L2_LAC_OC.nc
, A2020296171000, 24038, 131276, 18.3110393369694
https://oceandata.sci.gsfc.nasa.gov/cmr/getfile/A2020297161500.L2_LAC_OC.nc
, A2020297161500, 133, 8214, 1.61918675432189
https://oceandata.sci.gsfc.nasa.gov/cmr/getfile/A2020297175500.L2_LAC_OC.nc
, A2020297175500, 7564, 86033, 8.7919751723176
https://oceandata.sci.gsfc.nasa.gov/cmr/getfile/A2020298170000.L2_LAC_OC.nc
, A2020298170000, 0, 98789, 0
https://oceandata.sci.gsfc.nasa.gov/cmr/getfile/A2020298183500.L2_LAC_OC.nc
, A2020298183500, 0, 0, NA
https://oceandata.sci.gsfc.nasa.gov/cmr/getfile/A2020299160500.L2_LAC_OC.nc
, A2020299160500, 0, 0, NA
https://oceandata.sci.gsfc.nasa.gov/cmr/getfile/A2020299174000.L2_LAC_OC.nc
, A2020299174000, 28487, 120000, 23.7391666666667
https://oceandata.sci.gsfc.nasa.gov/cmr/getfile/A2020299174500.L2_LAC_OC.nc
, A2020299174500, 0, 0, NA
https://oceandata.sci.gsfc.nasa.gov/cmr/getfile/A2020300164500.L2_LAC_OC.nc
, A2020300164500, 309, 68912, 0.448397956814488
https://oceandata.sci.gsfc.nasa.gov/cmr/getfile/A2020300165000.L2_LAC_OC.nc
, A2020300165000, 0, 0, NA
https://oceandata.sci.gsfc.nasa.gov/cmr/getfile/A2020300182500.L2_LAC_OC.nc
, A2020300182500, 0, 17546, 0
https://oceandata.sci.gsfc.nasa.gov/cmr/getfile/A2020301173000.L2_LAC_OC.nc
, A2020301173000, 11703, 145318, 8.05337260353157
https://oceandata.sci.gsfc.nasa.gov/cmr/getfile/A2020302163500.L2_LAC_OC.nc
, A2020302163500, 2194, 46662, 4.7018987613047
https://oceandata.sci.gsfc.nasa.gov/cmr/getfile/A2020302181000.L2_LAC_OC.nc
, A2020302181000, 86, 22149, 0.388279380558942
https://oceandata.sci.gsfc.nasa.gov/cmr/getfile/A2020302181500.L2_LAC_OC.nc
, A2020302181500, 0, 25324, 0
https://oceandata.sci.gsfc.nasa.gov/cmr/getfile/A2020303154000.L2_LAC_OC.nc
, A2020303154000, 0, 0, NA
https://oceandata.sci.gsfc.nasa.gov/cmr/getfile/A2020303171500.L2_LAC_OC.nc
, A2020303171500, 0, 107521, 0
https://oceandata.sci.gsfc.nasa.gov/cmr/getfile/A2020303172000.L2_LAC_OC.nc
, A2020303172000, 0, 35515, 0
https://oceandata.sci.gsfc.nasa.gov/cmr/getfile/A2020304162000.L2_LAC_OC.nc
, A2020304162000, 0, 10578, 0
https://oceandata.sci.gsfc.nasa.gov/cmr/getfile/A2020304162500.L2_LAC_OC.nc
, A2020304162500, 0, 8922, 0
https://oceandata.sci.gsfc.nasa.gov/cmr/getfile/A2020304180000.L2_LAC_OC.nc
, A2020304180000, 0, 70936, 0
https://oceandata.sci.gsfc.nasa.gov/cmr/getfile/A2020305170500.L2_LAC_OC.nc
, A2020305170500, 50841, 115701, 43.9417118261726
https://oceandata.sci.gsfc.nasa.gov/cmr/getfile/A2020306161000.L2_LAC_OC.nc
, A2020306161000, 0, 1010, 0
https://oceandata.sci.gsfc.nasa.gov/cmr/getfile/A2020306174500.L2_LAC_OC.nc
, A2020306174500, 99, 874, 11.3272311212815
https://oceandata.sci.gsfc.nasa.gov/cmr/getfile/A2020306175000.L2_LAC_OC.nc
, A2020306175000, 3778, 101807, 3.71094325537537
https://oceandata.sci.gsfc.nasa.gov/cmr/getfile/A2020307165000.L2_LAC_OC.nc
, A2020307165000, 77, 6920, 1.11271676300578
https://oceandata.sci.gsfc.nasa.gov/cmr/getfile/A2020307165500.L2_LAC_OC.nc
, A2020307165500, 1308, 76107, 1.71863297725571
https://oceandata.sci.gsfc.nasa.gov/cmr/getfile/A2020307183000.L2_LAC_OC.nc
, A2020307183000, 0, 6404, 0
https://oceandata.sci.gsfc.nasa.gov/cmr/getfile/A2020307183500.L2_LAC_OC.nc
, A2020307183500, 0, 0, NA
https://oceandata.sci.gsfc.nasa.gov/cmr/getfile/A2020308160000.L2_LAC_OC.nc
, A2020308160000, 0, 0, NA
https://oceandata.sci.gsfc.nasa.gov/cmr/getfile/A2020308173500.L2_LAC_OC.nc
, A2020308173500, 2989, 134998, 2.21410687565742
https://oceandata.sci.gsfc.nasa.gov/cmr/getfile/A2020309150500.L2_LAC_OC.nc
, A2020309150500, 0, 0, NA
https://oceandata.sci.gsfc.nasa.gov/cmr/getfile/A2020309164000.L2_LAC_OC.nc
, A2020309164000, 13553, 57218, 23.6866021182145
https://oceandata.sci.gsfc.nasa.gov/cmr/getfile/A2020309182000.L2_LAC_OC.nc
, A2020309182000, 1889, 31059, 6.08197301909269
https://oceandata.sci.gsfc.nasa.gov/cmr/getfile/A2020310172500.L2_LAC_OC.nc
, A2020310172500, 31471, 148093, 21.2508356235609
https://oceandata.sci.gsfc.nasa.gov/cmr/getfile/A2020311162500.L2_LAC_OC.nc
, A2020311162500, 0, 0, NA
https://oceandata.sci.gsfc.nasa.gov/cmr/getfile/A2020311163000.L2_LAC_OC.nc
, A2020311163000, 0, 33053, 0
https://oceandata.sci.gsfc.nasa.gov/cmr/getfile/A2020311180500.L2_LAC_OC.nc
, A2020311180500, 3834, 58179, 6.5900067034497
https://oceandata.sci.gsfc.nasa.gov/cmr/getfile/A2020311181000.L2_LAC_OC.nc
, A2020311181000, 0, 0, NA
https://oceandata.sci.gsfc.nasa.gov/cmr/getfile/A2020312153500.L2_LAC_OC.nc
, A2020312153500, 0, 0, NA
https://oceandata.sci.gsfc.nasa.gov/cmr/getfile/A2020312171000.L2_LAC_OC.nc
, A2020312171000, 547, 131371, 0.416378043860517
https://oceandata.sci.gsfc.nasa.gov/cmr/getfile/A2020313161500.L2_LAC_OC.nc
, A2020313161500, 0, 8438, 0
https://oceandata.sci.gsfc.nasa.gov/cmr/getfile/A2020313175500.L2_LAC_OC.nc
, A2020313175500, 2733, 85866, 3.18286632660191
https://oceandata.sci.gsfc.nasa.gov/cmr/getfile/A2020314170000.L2_LAC_OC.nc
, A2020314170000, 3772, 98962, 3.81156403467998
https://oceandata.sci.gsfc.nasa.gov/cmr/getfile/A2020314183500.L2_LAC_OC.nc
, A2020314183500, 0, 0, NA
https://oceandata.sci.gsfc.nasa.gov/cmr/getfile/A2020315160500.L2_LAC_OC.nc
, A2020315160500, 0, 0, NA
https://oceandata.sci.gsfc.nasa.gov/cmr/getfile/A2020315174000.L2_LAC_OC.nc
, A2020315174000, 45696, 119796, 38.1448462386056
https://oceandata.sci.gsfc.nasa.gov/cmr/getfile/A2020315174500.L2_LAC_OC.nc
, A2020315174500, 0, 0, NA
https://oceandata.sci.gsfc.nasa.gov/cmr/getfile/A2020316164500.L2_LAC_OC.nc
, A2020316164500, 13939, 69049, 20.1871134991093
https://oceandata.sci.gsfc.nasa.gov/cmr/getfile/A2020316165000.L2_LAC_OC.nc
, A2020316165000, 0, 0, NA
https://oceandata.sci.gsfc.nasa.gov/cmr/getfile/A2020316182500.L2_LAC_OC.nc
, A2020316182500, 1014, 17553, 5.77679029225773
https://oceandata.sci.gsfc.nasa.gov/cmr/getfile/A2020317173000.L2_LAC_OC.nc
, A2020317173000, 0, 145179, 0
https://oceandata.sci.gsfc.nasa.gov/cmr/getfile/A2020318163500.L2_LAC_OC.nc
, A2020318163500, 0, 46786, 0
https://oceandata.sci.gsfc.nasa.gov/cmr/getfile/A2020318181000.L2_LAC_OC.nc
, A2020318181000, 0, 22165, 0
https://oceandata.sci.gsfc.nasa.gov/cmr/getfile/A2020318181500.L2_LAC_OC.nc
, A2020318181500, 0, 25294, 0
https://oceandata.sci.gsfc.nasa.gov/cmr/getfile/A2020319154000.L2_LAC_OC.nc
, A2020319154000, 0, 0, NA
https://oceandata.sci.gsfc.nasa.gov/cmr/getfile/A2020319171500.L2_LAC_OC.nc
, A2020319171500, 15794, 112765, 14.0061189198776
https://oceandata.sci.gsfc.nasa.gov/cmr/getfile/A2020319172000.L2_LAC_OC.nc
, A2020319172000, 31, 30236, 0.102526789257838
https://oceandata.sci.gsfc.nasa.gov/cmr/getfile/A2020320162000.L2_LAC_OC.nc
, A2020320162000, 253, 11553, 2.18990738336363
https://oceandata.sci.gsfc.nasa.gov/cmr/getfile/A2020320162500.L2_LAC_OC.nc
, A2020320162500, 758, 8079, 9.38234930065602
https://oceandata.sci.gsfc.nasa.gov/cmr/getfile/A2020320180000.L2_LAC_OC.nc
, A2020320180000, 9674, 70891, 13.6463020693741
https://oceandata.sci.gsfc.nasa.gov/cmr/getfile/A2020321170500.L2_LAC_OC.nc
, A2020321170500, 20840, 115706, 18.0111662316561
https://oceandata.sci.gsfc.nasa.gov/cmr/getfile/A2020322161000.L2_LAC_OC.nc
, A2020322161000, 48, 1045, 4.5933014354067
https://oceandata.sci.gsfc.nasa.gov/cmr/getfile/A2020322174500.L2_LAC_OC.nc
, A2020322174500, 712, 3583, 19.8716159642757
https://oceandata.sci.gsfc.nasa.gov/cmr/getfile/A2020322175000.L2_LAC_OC.nc
, A2020322175000, 7049, 99031, 7.11797315991962
https://oceandata.sci.gsfc.nasa.gov/cmr/getfile/A2020323165000.L2_LAC_OC.nc
, A2020323165000, 20, 8739, 0.228859137201053
https://oceandata.sci.gsfc.nasa.gov/cmr/getfile/A2020323165500.L2_LAC_OC.nc
, A2020323165500, 1946, 74288, 2.61953478354512
https://oceandata.sci.gsfc.nasa.gov/cmr/getfile/A2020323183000.L2_LAC_OC.nc
, A2020323183000, 0, 6469, 0
https://oceandata.sci.gsfc.nasa.gov/cmr/getfile/A2020324160000.L2_LAC_OC.nc
, A2020324160000, 0, 0, NA
https://oceandata.sci.gsfc.nasa.gov/cmr/getfile/A2020324173500.L2_LAC_OC.nc
, A2020324173500, 547, 134903, 0.405476527579075
https://oceandata.sci.gsfc.nasa.gov/cmr/getfile/A2020325164000.L2_LAC_OC.nc
, A2020325164000, 0, 57252, 0
https://oceandata.sci.gsfc.nasa.gov/cmr/getfile/A2020325182000.L2_LAC_OC.nc
, A2020325182000, 0, 31098, 0
https://oceandata.sci.gsfc.nasa.gov/cmr/getfile/A2020326172500.L2_LAC_OC.nc
, A2020326172500, 36830, 148056, 24.8757226995191
https://oceandata.sci.gsfc.nasa.gov/cmr/getfile/A2020327162500.L2_LAC_OC.nc
, A2020327162500, 0, 0, NA
https://oceandata.sci.gsfc.nasa.gov/cmr/getfile/A2020327163000.L2_LAC_OC.nc
, A2020327163000, 2177, 33147, 6.5677135185688
https://oceandata.sci.gsfc.nasa.gov/cmr/getfile/A2020327180500.L2_LAC_OC.nc
, A2020327180500, 9144, 58135, 15.7289068547347
https://oceandata.sci.gsfc.nasa.gov/cmr/getfile/A2020328153500.L2_LAC_OC.nc
, A2020328153500, 0, 0, NA
https://oceandata.sci.gsfc.nasa.gov/cmr/getfile/A2020328171000.L2_LAC_OC.nc
, A2020328171000, 0, 131411, 0
https://oceandata.sci.gsfc.nasa.gov/cmr/getfile/A2020329161500.L2_LAC_OC.nc
, A2020329161500, 0, 8506, 0
https://oceandata.sci.gsfc.nasa.gov/cmr/getfile/A2020329175500.L2_LAC_OC.nc
, A2020329175500, 14446, 85785, 16.8397738532377
https://oceandata.sci.gsfc.nasa.gov/cmr/getfile/A2020330170000.L2_LAC_OC.nc
, A2020330170000, 0, 99076, 0
https://oceandata.sci.gsfc.nasa.gov/cmr/getfile/A2020330183500.L2_LAC_OC.nc
, A2020330183500, 0, 0, NA
https://oceandata.sci.gsfc.nasa.gov/cmr/getfile/A2020331160500.L2_LAC_OC.nc
, A2020331160500, 0, 0, NA
https://oceandata.sci.gsfc.nasa.gov/cmr/getfile/A2020331174000.L2_LAC_OC.nc
, A2020331174000, 0, 119664, 0
https://oceandata.sci.gsfc.nasa.gov/cmr/getfile/A2020332164500.L2_LAC_OC.nc
, A2020332164500, 1603, 69167, 2.31757919238943
https://oceandata.sci.gsfc.nasa.gov/cmr/getfile/A2020332182500.L2_LAC_OC.nc
, A2020332182500, 1294, 17459, 7.41165015178418
https://oceandata.sci.gsfc.nasa.gov/cmr/getfile/A2020333173000.L2_LAC_OC.nc
, A2020333173000, 6845, 145112, 4.71704614366834
https://oceandata.sci.gsfc.nasa.gov/cmr/getfile/A2020334163500.L2_LAC_OC.nc
, A2020334163500, 8200, 46888, 17.4884831939942
https://oceandata.sci.gsfc.nasa.gov/cmr/getfile/A2020334181000.L2_LAC_OC.nc
, A2020334181000, 10054, 20844, 48.2345039339858
https://oceandata.sci.gsfc.nasa.gov/cmr/getfile/A2020334181500.L2_LAC_OC.nc
, A2020334181500, 1117, 26445, 4.2238608432596
https://oceandata.sci.gsfc.nasa.gov/cmr/getfile/A2020335154000.L2_LAC_OC.nc
, A2020335154000, 0, 0, NA
https://oceandata.sci.gsfc.nasa.gov/cmr/getfile/A2020335171500.L2_LAC_OC.nc
, A2020335171500, 120, 108077, 0.111031949443452
https://oceandata.sci.gsfc.nasa.gov/cmr/getfile/A2020336162000.L2_LAC_OC.nc
, A2020336162000, 0, 10787, 0
https://oceandata.sci.gsfc.nasa.gov/cmr/getfile/A2020336180000.L2_LAC_OC.nc
, A2020336180000, 0, 70727, 0
https://oceandata.sci.gsfc.nasa.gov/cmr/getfile/A2020337170500.L2_LAC_OC.nc
, A2020337170500, 1501, 115957, 1.29444535474357
https://oceandata.sci.gsfc.nasa.gov/cmr/getfile/A2020338161000.L2_LAC_OC.nc
, A2020338161000, 4, 1064, 0.37593984962406
https://oceandata.sci.gsfc.nasa.gov/cmr/getfile/A2020338174500.L2_LAC_OC.nc
, A2020338174500, 11, 983, 1.11902339776195
https://oceandata.sci.gsfc.nasa.gov/cmr/getfile/A2020338175000.L2_LAC_OC.nc
, A2020338175000, 36213, 101408, 35.7102003786683
https://oceandata.sci.gsfc.nasa.gov/cmr/getfile/A2020339165000.L2_LAC_OC.nc
, A2020339165000, 0, 5592, 0
https://oceandata.sci.gsfc.nasa.gov/cmr/getfile/A2020339165500.L2_LAC_OC.nc
, A2020339165500, 116, 77653, 0.149382509368601
https://oceandata.sci.gsfc.nasa.gov/cmr/getfile/A2020339183000.L2_LAC_OC.nc
, A2020339183000, 0, 6292, 0
https://oceandata.sci.gsfc.nasa.gov/cmr/getfile/A2020340173500.L2_LAC_OC.nc
, A2020340173500, 0, 134829, 0
https://oceandata.sci.gsfc.nasa.gov/cmr/getfile/A2020341164000.L2_LAC_OC.nc
, A2020341164000, 2, 57339, 0.00348802734613439
https://oceandata.sci.gsfc.nasa.gov/cmr/getfile/A2020341182000.L2_LAC_OC.nc
, A2020341182000, 0, 30875, 0
https://oceandata.sci.gsfc.nasa.gov/cmr/getfile/A2020342172500.L2_LAC_OC.nc
, A2020342172500, 4729, 148136, 3.19233677161527
https://oceandata.sci.gsfc.nasa.gov/cmr/getfile/A2020343162500.L2_LAC_OC.nc
, A2020343162500, 0, 0, NA
https://oceandata.sci.gsfc.nasa.gov/cmr/getfile/A2020343163000.L2_LAC_OC.nc
, A2020343163000, 0, 33159, 0
https://oceandata.sci.gsfc.nasa.gov/cmr/getfile/A2020343180500.L2_LAC_OC.nc
, A2020343180500, 0, 58049, 0
https://oceandata.sci.gsfc.nasa.gov/cmr/getfile/A2020344171000.L2_LAC_OC.nc
, A2020344171000, 2495, 131561, 1.89645867696354
https://oceandata.sci.gsfc.nasa.gov/cmr/getfile/A2020345161500.L2_LAC_OC.nc
, A2020345161500, 0, 8469, 0
https://oceandata.sci.gsfc.nasa.gov/cmr/getfile/A2020345175500.L2_LAC_OC.nc
, A2020345175500, 3519, 85688, 4.10675940621791
https://oceandata.sci.gsfc.nasa.gov/cmr/getfile/A2020346170000.L2_LAC_OC.nc
, A2020346170000, 1701, 99138, 1.71579011075471
https://oceandata.sci.gsfc.nasa.gov/cmr/getfile/A2020346183500.L2_LAC_OC.nc
, A2020346183500, 0, 0, NA
https://oceandata.sci.gsfc.nasa.gov/cmr/getfile/A2020347160500.L2_LAC_OC.nc
, A2020347160500, 0, 0, NA
https://oceandata.sci.gsfc.nasa.gov/cmr/getfile/A2020347174000.L2_LAC_OC.nc
, A2020347174000, 5299, 119646, 4.4288985841566
https://oceandata.sci.gsfc.nasa.gov/cmr/getfile/A2020348164500.L2_LAC_OC.nc
, A2020348164500, 0, 69144, 0
https://oceandata.sci.gsfc.nasa.gov/cmr/getfile/A2020348182500.L2_LAC_OC.nc
, A2020348182500, 0, 17340, 0
https://oceandata.sci.gsfc.nasa.gov/cmr/getfile/A2020349173000.L2_LAC_OC.nc
, A2020349173000, 0, 145173, 0
https://oceandata.sci.gsfc.nasa.gov/cmr/getfile/A2020350163500.L2_LAC_OC.nc
, A2020350163500, 19, 46824, 0.0405774816333504
https://oceandata.sci.gsfc.nasa.gov/cmr/getfile/A2020350181000.L2_LAC_OC.nc
, A2020350181000, 4058, 22878, 17.7375644724189
https://oceandata.sci.gsfc.nasa.gov/cmr/getfile/A2020350181500.L2_LAC_OC.nc
, A2020350181500, 606, 24385, 2.48513430387533
https://oceandata.sci.gsfc.nasa.gov/cmr/getfile/A2020351154000.L2_LAC_OC.nc
, A2020351154000, 0, 0, NA
https://oceandata.sci.gsfc.nasa.gov/cmr/getfile/A2020351171500.L2_LAC_OC.nc
, A2020351171500, 27651, 111212, 24.8633241017156
https://oceandata.sci.gsfc.nasa.gov/cmr/getfile/A2020352162000.L2_LAC_OC.nc
, A2020352162000, 0, 11945, 0
https://oceandata.sci.gsfc.nasa.gov/cmr/getfile/A2020352180000.L2_LAC_OC.nc
, A2020352180000, 0, 70780, 0
https://oceandata.sci.gsfc.nasa.gov/cmr/getfile/A2020353170500.L2_LAC_OC.nc
, A2020353170500, 889, 115919, 0.766914828457802
https://oceandata.sci.gsfc.nasa.gov/cmr/getfile/A2020354161000.L2_LAC_OC.nc
, A2020354161000, 0, 1006, 0
https://oceandata.sci.gsfc.nasa.gov/cmr/getfile/A2020354174500.L2_LAC_OC.nc
, A2020354174500, 4, 1756, 0.227790432801822
https://oceandata.sci.gsfc.nasa.gov/cmr/getfile/A2020354175000.L2_LAC_OC.nc
, A2020354175000, 533, 100780, 0.528874776741417
https://oceandata.sci.gsfc.nasa.gov/cmr/getfile/A2020355165000.L2_LAC_OC.nc
, A2020355165000, 0, 7996, 0
https://oceandata.sci.gsfc.nasa.gov/cmr/getfile/A2020355183000.L2_LAC_OC.nc
, A2020355183000, 0, 6238, 0
https://oceandata.sci.gsfc.nasa.gov/cmr/getfile/A2020356173500.L2_LAC_OC.nc
, A2020356173500, 261, 134923, 0.193443667869822
https://oceandata.sci.gsfc.nasa.gov/cmr/getfile/A2020357164000.L2_LAC_OC.nc
, A2020357164000, 1372, 57310, 2.39399755714535
https://oceandata.sci.gsfc.nasa.gov/cmr/getfile/A2020357182000.L2_LAC_OC.nc
, A2020357182000, 6411, 30810, 20.8081791626095
https://oceandata.sci.gsfc.nasa.gov/cmr/getfile/A2020358172500.L2_LAC_OC.nc
, A2020358172500, 35610, 148266, 24.0176439642265
https://oceandata.sci.gsfc.nasa.gov/cmr/getfile/A2020359162500.L2_LAC_OC.nc
, A2020359162500, 0, 0, NA
https://oceandata.sci.gsfc.nasa.gov/cmr/getfile/A2020359163000.L2_LAC_OC.nc
, A2020359163000, 7850, 33006, 23.7835545052415
https://oceandata.sci.gsfc.nasa.gov/cmr/getfile/A2020359180500.L2_LAC_OC.nc
, A2020359180500, 16749, 58037, 28.8591760428692
https://oceandata.sci.gsfc.nasa.gov/cmr/getfile/A2020360171000.L2_LAC_OC.nc
, A2020360171000, 336, 131614, 0.255291990213807
https://oceandata.sci.gsfc.nasa.gov/cmr/getfile/A2020361161500.L2_LAC_OC.nc
, A2020361161500, 0, 8357, 0
https://oceandata.sci.gsfc.nasa.gov/cmr/getfile/A2020361175500.L2_LAC_OC.nc
, A2020361175500, 283, 85717, 0.330156211719962
https://oceandata.sci.gsfc.nasa.gov/cmr/getfile/A2020362170000.L2_LAC_OC.nc
, A2020362170000, 28830, 99157, 29.0751031192957
https://oceandata.sci.gsfc.nasa.gov/cmr/getfile/A2020362183500.L2_LAC_OC.nc
, A2020362183500, 0, 0, NA
https://oceandata.sci.gsfc.nasa.gov/cmr/getfile/A2020363160500.L2_LAC_OC.nc
, A2020363160500, 0, 0, NA
https://oceandata.sci.gsfc.nasa.gov/cmr/getfile/A2020363174000.L2_LAC_OC.nc
, A2020363174000, 123, 119694, 0.102762043210186
https://oceandata.sci.gsfc.nasa.gov/cmr/getfile/A2020364164500.L2_LAC_OC.nc
, A2020364164500, 1901, 69180, 2.74790401850246
https://oceandata.sci.gsfc.nasa.gov/cmr/getfile/A2020364182500.L2_LAC_OC.nc
, A2020364182500, 789, 17202, 4.58667596791071
https://oceandata.sci.gsfc.nasa.gov/cmr/getfile/A2020365173000.L2_LAC_OC.nc
, A2020365173000, 38386, 145289, 26.4204447687024
